ID,REGION_BIG,REGION_MIDDLE,REGION_SMALL,NX,NY
1,서울특별시,종로구,청운효자동,60,127
2,서울특별시,종로구,사직동,60,127
3,서울특별시,종로구,삼청동,60,127
4,서울특별시,종로구,부암동,60,127
5,서울특별시,종로구,평창동,60,127
6,서울특별시,종로구,무악동,60,127
7,서울특별시,종로구,교남동,60,127
8,서울특별시,종로구,가회동,60,127
9,서울특별시,종로구,종로1.2.3.4가동,60,127
10,서울특별시,종로구,종로5.6가동,60,127
11,서울특별시,종로구,이화동,60,127
12,서울특별시,종로구,혜화동,60,127
13,서울특별시,종로구,창신제1동,61,127
14,서울특별시,종로구,창신제2동,60,127
15,서울특별시,종로구,창신제3동,60,127
16,서울특별시,종로구,숭인제1동,60,127
17,서울특별시,종로구,숭인제2동,61,127
18,서울특별시,중구,소공동,60,127
19,서울특별시,중구,회현동,60,126
20,서울특별시,중구,명동,60,127
21,서울특별시,중구,필동,60,127
22,서울특별시,중구,장충동,60,127
23,서울특별시,중구,광희동,60,127
24,서울특별시,중구,을지로동,60,127
25,서울특별시,중구,신당동,60,127
26,서울특별시,중구,다산동,60,126
27,서울특별시,중구,약수동,60,126
28,서울특별시,중구,청구동,60,126
29,서울특별시,중구,신당제5동,61,127
30,서울특별시,중구,동화동,61,127
31,서울특별시,중구,황학동,61,127
32,서울특별시,중구,중림동,60,126
33,서울특별시,용산구,후암동,60,126
34,서울특별시,용산구,용산2가동,60,126
35,서울특별시,용산구,남영동,60,126
36,서울특별시,용산구,청파동,60,126
37,서울특별시,용산구,원효로제1동,60,126
38,서울특별시,용산구,원효로제2동,59,126
39,서울특별시,용산구,효창동,60,126
40,서울특별시,용산구,용문동,60,126
41,서울특별시,용산구,한강로동,60,126
42,서울특별시,용산구,이촌제1동,60,126
43,서울특별시,용산구,이촌제2동,59,126
44,서울특별시,용산구,이태원제1동,60,126
45,서울특별시,용산구,이태원제2동,60,126
46,서울특별시,용산구,한남동,60,126
47,서울특별시,용산구,서빙고동,60,126
48,서울특별시,용산구,보광동,60,126
49,서울특별시,성동구,왕십리제2동,61,127
50,서울특별시,성동구,왕십리도선동,61,127
51,서울특별시,성동구,마장동,61,127
52,서울특별시,성동구,사근동,61,127
53,서울특별시,성동구,행당제1동,61,126
54,서울특별시,성동구,행당제2동,61,126
55,서울특별시,성동구,응봉동,61,126
56,서울특별시,성동구,금호1가동,61,126
57,서울특별시,성동구,금호2.3가동,61,126
58,서울특별시,성동구,금호4가동,61,126
59,서울특별시,성동구,옥수동,60,126
60,서울특별시,성동구,성수1가제1동,61,126
61,서울특별시,성동구,성수1가제2동,61,126
62,서울특별시,성동구,성수2가제1동,61,126
63,서울특별시,성동구,성수2가제3동,61,126
64,서울특별시,성동구,송정동,61,126
65,서울특별시,성동구,용답동,61,127
66,서울특별시,광진구,화양동,61,126
67,서울특별시,광진구,군자동,62,126
68,서울특별시,광진구,중곡제1동,62,127
69,서울특별시,광진구,중곡제2동,62,127
70,서울특별시,광진구,중곡제3동,62,127
71,서울특별시,광진구,중곡제4동,62,127
72,서울특별시,광진구,능동,62,126
73,서울특별시,광진구,광장동,62,126
74,서울특별시,광진구,자양제1동,62,126
75,서울특별시,광진구,자양제2동,62,126
76,서울특별시,광진구,자양제3동,61,126
77,서울특별시,광진구,자양제4동,61,126
78,서울특별시,광진구,구의제1동,62,126
79,서울특별시,광진구,구의제2동,62,126
80,서울특별시,광진구,구의제3동,62,126
81,서울특별시,동대문구,용신동,61,127
82,서울특별시,동대문구,제기동,61,127
83,서울특별시,동대문구,전농제1동,61,127
84,서울특별시,동대문구,전농제2동,61,127
85,서울특별시,동대문구,답십리제1동,61,127
86,서울특별시,동대문구,답십리제2동,61,127
87,서울특별시,동대문구,장안제1동,61,127
88,서울특별시,동대문구,장안제2동,61,127
89,서울특별시,동대문구,청량리동,61,127
90,서울특별시,동대문구,회기동,61,127
91,서울특별시,동대문구,휘경제1동,61,127
92,서울특별시,동대문구,휘경제2동,61,127
93,서울특별시,동대문구,이문제1동,61,127
94,서울특별시,동대문구,이문제2동,61,127
95,서울특별시,중랑구,면목제2동,62,127
96,서울특별시,중랑구,면목제4동,62,127
97,서울특별시,중랑구,면목제5동,62,127
98,서울특별시,중랑구,면목본동,62,127
99,서울특별시,중랑구,면목제7동,62,127
100,서울특별시,중랑구,면목제3.8동,62,127
101,서울특별시,중랑구,상봉제1동,62,127
102,서울특별시,중랑구,상봉제2동,62,127
103,서울특별시,중랑구,중화제1동,62,127
104,서울특별시,중랑구,중화제2동,62,127
105,서울특별시,중랑구,묵제1동,62,128
106,서울특별시,중랑구,묵제2동,62,128
107,서울특별시,중랑구,망우본동,62,127
108,서울특별시,중랑구,망우제3동,62,127
109,서울특별시,중랑구,신내1동,62,128
110,서울특별시,중랑구,신내2동,62,128
111,서울특별시,성북구,성북동,60,127
112,서울특별시,성북구,삼선동,60,127
113,서울특별시,성북구,동선동,61,127
114,서울특별시,성북구,돈암제1동,61,127
115,서울특별시,성북구,돈암제2동,60,127
116,서울특별시,성북구,안암동,61,127
117,서울특별시,성북구,보문동,61,127
118,서울특별시,성북구,정릉제1동,60,127
119,서울특별시,성북구,정릉제2동,60,127
120,서울특별시,성북구,정릉제3동,60,128
121,서울특별시,성북구,정릉제4동,60,128
122,서울특별시,성북구,길음제1동,61,127
123,서울특별시,성북구,길음제2동,61,128
124,서울특별시,성북구,종암동,61,127
125,서울특별시,성북구,월곡제1동,61,128
126,서울특별시,성북구,월곡제2동,61,127
127,서울특별시,성북구,장위제1동,61,128
128,서울특별시,성북구,장위제2동,61,128
129,서울특별시,성북구,장위제3동,61,128
130,서울특별시,성북구,석관동,61,128
131,서울특별시,강북구,삼양동,61,128
132,서울특별시,강북구,미아동,61,128
133,서울특별시,강북구,송중동,61,128
134,서울특별시,강북구,송천동,61,128
135,서울특별시,강북구,삼각산동,61,128
136,서울특별시,강북구,번1동,61,128
137,서울특별시,강북구,번2동,61,128
138,서울특별시,강북구,번3동,61,128
139,서울특별시,강북구,수유1동,60,128
140,서울특별시,강북구,수유2동,61,128
141,서울특별시,강북구,수유3동,61,128
142,서울특별시,강북구,우이동,60,128
143,서울특별시,강북구,인수동,60,128
144,서울특별시,도봉구,창제1동,61,128
145,서울특별시,도봉구,창제2동,61,128
146,서울특별시,도봉구,창제3동,61,128
147,서울특별시,도봉구,창제4동,61,129
148,서울특별시,도봉구,창제5동,61,129
149,서울특별시,도봉구,도봉제1동,61,129
150,서울특별시,도봉구,도봉제2동,61,129
151,서울특별시,도봉구,쌍문제1동,61,128
152,서울특별시,도봉구,쌍문제2동,61,129
153,서울특별시,도봉구,쌍문제3동,61,128
154,서울특별시,도봉구,쌍문제4동,61,129
155,서울특별시,도봉구,방학제1동,61,129
156,서울특별시,도봉구,방학제2동,61,129
157,서울특별시,도봉구,방학제3동,61,129
158,서울특별시,노원구,월계1동,61,128
159,서울특별시,노원구,월계2동,61,128
160,서울특별시,노원구,월계3동,61,128
161,서울특별시,노원구,공릉1동,61,128
162,서울특별시,노원구,공릉2동,62,128
163,서울특별시,노원구,하계1동,61,128
164,서울특별시,노원구,하계2동,61,128
165,서울특별시,노원구,중계본동,62,128
166,서울특별시,노원구,중계1동,62,129
167,서울특별시,노원구,중계4동,62,129
168,서울특별시,노원구,중계2.3동,61,128
169,서울특별시,노원구,상계1동,61,129
170,서울특별시,노원구,상계2동,61,129
171,서울특별시,노원구,상계3.4동,61,129
172,서울특별시,노원구,상계5동,61,129
173,서울특별시,노원구,상계6.7동,61,129
174,서울특별시,노원구,상계8동,61,129
175,서울특별시,노원구,상계9동,61,129
176,서울특별시,노원구,상계10동,61,129
177,서울특별시,은평구,녹번동,59,127
178,서울특별시,은평구,불광제1동,59,128
179,서울특별시,은평구,불광제2동,59,128
180,서울특별시,은평구,갈현제1동,59,128
181,서울특별시,은평구,갈현제2동,59,128
182,서울특별시,은평구,구산동,59,128
183,서울특별시,은평구,대조동,59,128
184,서울특별시,은평구,응암제1동,59,127
185,서울특별시,은평구,응암제2동,59,127
186,서울특별시,은평구,응암제3동,59,127
187,서울특별시,은평구,역촌동,59,127
188,서울특별시,은평구,신사제1동,59,127
189,서울특별시,은평구,신사제2동,59,127
190,서울특별시,은평구,증산동,59,127
191,서울특별시,은평구,수색동,58,127
192,서울특별시,은평구,진관동,59,128
193,서울특별시,서대문구,천연동,60,127
194,서울특별시,서대문구,북아현동,59,126
195,서울특별시,서대문구,충현동,59,127
196,서울특별시,서대문구,신촌동,59,126
197,서울특별시,서대문구,연희동,59,127
198,서울특별시,서대문구,홍제제1동,59,127
199,서울특별시,서대문구,홍제제3동,59,127
200,서울특별시,서대문구,홍제제2동,59,127
201,서울특별시,서대문구,홍은제1동,59,127
202,서울특별시,서대문구,홍은제2동,59,127
203,서울특별시,서대문구,남가좌제1동,59,127
204,서울특별시,서대문구,남가좌제2동,59,127
205,서울특별시,서대문구,북가좌제1동,59,127
206,서울특별시,서대문구,북가좌제2동,59,127
207,서울특별시,마포구,아현동,59,126
208,서울특별시,마포구,공덕동,60,126
209,서울특별시,마포구,도화동,59,126
210,서울특별시,마포구,용강동,59,126
211,서울특별시,마포구,대흥동,59,126
212,서울특별시,마포구,염리동,59,126
213,서울특별시,마포구,신수동,59,126
214,서울특별시,마포구,서강동,59,126
215,서울특별시,마포구,서교동,59,126
216,서울특별시,마포구,합정동,59,126
217,서울특별시,마포구,망원제1동,59,126
218,서울특별시,마포구,망원제2동,59,126
219,서울특별시,마포구,연남동,59,127
220,서울특별시,마포구,성산제1동,59,127
221,서울특별시,마포구,성산제2동,59,127
222,서울특별시,마포구,상암동,58,127
223,서울특별시,양천구,목1동,58,126
224,서울특별시,양천구,목2동,58,126
225,서울특별시,양천구,목3동,58,126
226,서울특별시,양천구,목4동,58,126
227,서울특별시,양천구,목5동,58,126
228,서울특별시,양천구,신월1동,57,126
229,서울특별시,양천구,신월2동,58,126
230,서울특별시,양천구,신월3동,57,126
231,서울특별시,양천구,신월4동,57,126
232,서울특별시,양천구,신월5동,57,126
233,서울특별시,양천구,신월6동,58,126
234,서울특별시,양천구,신월7동,57,126
235,서울특별시,양천구,신정1동,58,126
236,서울특별시,양천구,신정2동,58,126
237,서울특별시,양천구,신정3동,58,126
238,서울특별시,양천구,신정4동,58,126
239,서울특별시,양천구,신정6동,58,126
240,서울특별시,양천구,신정7동,58,125
241,서울특별시,강서구,염창동,58,126
242,서울특별시,강서구,등촌제1동,58,126
243,서울특별시,강서구,등촌제2동,58,126
244,서울특별시,강서구,등촌제3동,58,126
245,서울특별시,강서구,화곡제1동,58,126
246,서울특별시,강서구,화곡제2동,58,126
247,서울특별시,강서구,화곡제3동,57,126
248,서울특별시,강서구,화곡제4동,58,126
249,서울특별시,강서구,화곡본동,58,126
250,서울특별시,강서구,화곡제6동,58,126
251,서울특별시,강서구,화곡제8동,58,126
252,서울특별시,강서구,가양제1동,57,127
253,서울특별시,강서구,가양제2동,58,127
254,서울특별시,강서구,가양제3동,58,127
255,서울특별시,강서구,발산제1동,57,126
256,서울특별시,강서구,우장산동,58,126
257,서울특별시,강서구,공항동,57,126
258,서울특별시,강서구,방화제1동,57,127
259,서울특별시,강서구,방화제2동,57,127
260,서울특별시,강서구,방화제3동,57,127
261,서울특별시,구로구,신도림동,58,125
262,서울특별시,구로구,구로제1동,58,125
263,서울특별시,구로구,구로제2동,58,125
264,서울특별시,구로구,구로제3동,58,125
265,서울특별시,구로구,구로제4동,58,125
266,서울특별시,구로구,구로제5동,58,125
267,서울특별시,구로구,가리봉동,58,125
268,서울특별시,구로구,고척제1동,58,125
269,서울특별시,구로구,고척제2동,58,125
270,서울특별시,구로구,개봉제1동,58,125
271,서울특별시,구로구,개봉제2동,58,125
272,서울특별시,구로구,개봉제3동,58,125
273,서울특별시,구로구,오류제1동,58,125
274,서울특별시,구로구,오류제2동,57,125
275,서울특별시,구로구,수궁동,57,125
276,서울특별시,구로구,항동,57,125
277,서울특별시,금천구,가산동,58,125
278,서울특별시,금천구,독산제1동,58,125
279,서울특별시,금천구,독산제2동,59,124
280,서울특별시,금천구,독산제3동,59,125
281,서울특별시,금천구,독산제4동,59,124
282,서울특별시,금천구,시흥제1동,58,124
283,서울특별시,금천구,시흥제2동,59,124
284,서울특별시,금천구,시흥제3동,59,124
285,서울특별시,금천구,시흥제4동,59,124
286,서울특별시,금천구,시흥제5동,59,124
287,서울특별시,영등포구,영등포본동,59,126
288,서울특별시,영등포구,영등포동,59,126
289,서울특별시,영등포구,여의동,59,126
290,서울특별시,영등포구,당산제1동,58,126
291,서울특별시,영등포구,당산제2동,59,126
292,서울특별시,영등포구,도림동,59,125
293,서울특별시,영등포구,문래동,59,126
294,서울특별시,영등포구,양평제1동,58,126
295,서울특별시,영등포구,양평제2동,58,126
296,서울특별시,영등포구,신길제1동,59,125
297,서울특별시,영등포구,신길제3동,59,125
298,서울특별시,영등포구,신길제4동,59,125
299,서울특별시,영등포구,신길제5동,59,125
300,서울특별시,영등포구,신길제6동,59,125
301,서울특별시,영등포구,신길제7동,59,125
302,서울특별시,영등포구,대림제1동,59,125
303,서울특별시,영등포구,대림제2동,58,125
304,서울특별시,영등포구,대림제3동,58,125
305,서울특별시,동작구,노량진제1동,59,125
306,서울특별시,동작구,노량진제2동,59,125
307,서울특별시,동작구,상도제1동,59,125
308,서울특별시,동작구,상도제2동,59,125
309,서울특별시,동작구,상도제3동,59,125
310,서울특별시,동작구,상도제4동,59,125
311,서울특별시,동작구,흑석동,60,125
312,서울특별시,동작구,사당제1동,60,125
313,서울특별시,동작구,사당제2동,60,125
314,서울특별시,동작구,사당제3동,60,125
315,서울특별시,동작구,사당제4동,60,125
316,서울특별시,동작구,사당제5동,60,125
317,서울특별시,동작구,대방동,59,125
318,서울특별시,동작구,신대방제1동,59,125
319,서울특별시,동작구,신대방제2동,59,125
320,서울특별시,관악구,보라매동,59,125
321,서울특별시,관악구,청림동,59,125
322,서울특별시,관악구,성현동,59,125
323,서울특별시,관악구,행운동,59,125
324,서울특별시,관악구,낙성대동,60,125
325,서울특별시,관악구,청룡동,59,125
326,서울특별시,관악구,은천동,59,125
327,서울특별시,관악구,중앙동,59,125
328,서울특별시,관악구,인헌동,59,125
329,서울특별시,관악구,남현동,60,125
330,서울특별시,관악구,서원동,59,125
331,서울특별시,관악구,신원동,59,125
332,서울특별시,관악구,서림동,59,125
333,서울특별시,관악구,신사동,59,125
334,서울특별시,관악구,신림동,59,125
335,서울특별시,관악구,난향동,59,124
336,서울특별시,관악구,조원동,59,125
337,서울특별시,관악구,대학동,59,125
338,서울특별시,관악구,삼성동,59,125
339,서울특별시,관악구,미성동,59,125
340,서울특별시,관악구,난곡동,59,125
341,서울특별시,서초구,서초1동,61,125
342,서울특별시,서초구,서초2동,61,125
343,서울특별시,서초구,서초3동,60,125
344,서울특별시,서초구,서초4동,61,125
345,서울특별시,서초구,잠원동,60,126
346,서울특별시,서초구,반포본동,60,125
347,서울특별시,서초구,반포1동,60,125
348,서울특별시,서초구,반포2동,60,125
349,서울특별시,서초구,반포3동,60,125
350,서울특별시,서초구,반포4동,60,125
351,서울특별시,서초구,방배본동,60,125
352,서울특별시,서초구,방배1동,60,125
353,서울특별시,서초구,방배2동,60,125
354,서울특별시,서초구,방배3동,60,125
355,서울특별시,서초구,방배4동,60,125
356,서울특별시,서초구,양재1동,61,125
357,서울특별시,서초구,양재2동,61,125
358,서울특별시,서초구,내곡동,61,124
359,서울특별시,강남구,신사동,61,126
360,서울특별시,강남구,논현1동,61,125
361,서울특별시,강남구,논현2동,61,126
362,서울특별시,강남구,압구정동,61,126
363,서울특별시,강남구,청담동,61,126
364,서울특별시,강남구,삼성1동,61,125
365,서울특별시,강남구,삼성2동,61,125
366,서울특별시,강남구,대치1동,61,125
367,서울특별시,강남구,대치2동,61,125
368,서울특별시,강남구,대치4동,61,125
369,서울특별시,강남구,역삼1동,61,125
370,서울특별시,강남구,역삼2동,61,125
371,서울특별시,강남구,도곡1동,61,125
372,서울특별시,강남구,도곡2동,61,125
373,서울특별시,강남구,개포1동,61,125
374,서울특별시,강남구,개포2동,62,125
375,서울특별시,강남구,개포3동,62,125
376,서울특별시,강남구,개포4동,61,125
377,서울특별시,강남구,세곡동,62,125
378,서울특별시,강남구,일원본동,62,125
379,서울특별시,강남구,일원1동,62,125
380,서울특별시,강남구,수서동,62,125
381,서울특별시,송파구,풍납1동,62,126
382,서울특별시,송파구,풍납2동,62,126
383,서울특별시,송파구,거여1동,63,125
384,서울특별시,송파구,거여2동,63,125
385,서울특별시,송파구,마천1동,63,125
386,서울특별시,송파구,마천2동,63,125
387,서울특별시,송파구,방이1동,62,125
388,서울특별시,송파구,방이2동,62,126
389,서울특별시,송파구,오륜동,63,126
390,서울특별시,송파구,오금동,62,125
391,서울특별시,송파구,송파1동,62,125
392,서울특별시,송파구,송파2동,62,125
393,서울특별시,송파구,석촌동,62,125
394,서울특별시,송파구,삼전동,62,125
395,서울특별시,송파구,가락본동,62,125
396,서울특별시,송파구,가락1동,62,125
397,서울특별시,송파구,가락2동,62,125
398,서울특별시,송파구,문정1동,62,125
399,서울특별시,송파구,문정2동,62,125
400,서울특별시,송파구,장지동,63,125
401,서울특별시,송파구,위례동,63,125
402,서울특별시,송파구,잠실본동,62,125
403,서울특별시,송파구,잠실2동,62,126
404,서울특별시,송파구,잠실3동,62,125
405,서울특별시,송파구,잠실4동,62,126
406,서울특별시,송파구,잠실6동,62,126
407,서울특별시,송파구,잠실7동,62,125
408,서울특별시,강동구,강일동,63,127
409,서울특별시,강동구,상일제1동,63,126
410,서울특별시,강동구,상일제2동,63,126
411,서울특별시,강동구,명일제1동,63,126
412,서울특별시,강동구,명일제2동,63,126
413,서울특별시,강동구,고덕제1동,63,127
414,서울특별시,강동구,고덕제2동,63,127
415,서울특별시,강동구,암사제1동,63,126
416,서울특별시,강동구,암사제2동,62,126
417,서울특별시,강동구,암사제3동,63,126
418,서울특별시,강동구,천호제1동,63,126
419,서울특별시,강동구,천호제2동,62,126
420,서울특별시,강동구,천호제3동,62,126
421,서울특별시,강동구,성내제1동,62,126
422,서울특별시,강동구,성내제2동,62,126
423,서울특별시,강동구,성내제3동,63,126
424,서울특별시,강동구,길동,63,126
425,서울특별시,강동구,둔촌제1동,63,126
426,서울특별시,강동구,둔촌제2동,63,126
427,부산광역시,중구,중앙동,97,74
428,부산광역시,중구,동광동,97,74
429,부산광역시,중구,대청동,97,74
430,부산광역시,중구,보수동,97,74
431,부산광역시,중구,부평동,97,74
432,부산광역시,중구,광복동,97,74
433,부산광역시,중구,남포동,97,74
434,부산광역시,중구,영주제1동,97,74
435,부산광역시,중구,영주제2동,97,74
436,부산광역시,서구,동대신제1동,97,74
437,부산광역시,서구,동대신제2동,97,74
438,부산광역시,서구,동대신제3동,97,74
439,부산광역시,서구,서대신제1동,97,74
440,부산광역시,서구,서대신제3동,97,74
441,부산광역시,서구,서대신제4동,97,74
442,부산광역시,서구,부민동,97,74
443,부산광역시,서구,아미동,97,74
444,부산광역시,서구,초장동,97,74
445,부산광역시,서구,충무동,97,74
446,부산광역시,서구,남부민제1동,97,74
447,부산광역시,서구,남부민제2동,97,74
448,부산광역시,서구,암남동,97,73
449,부산광역시,동구,초량제1동,97,74
450,부산광역시,동구,초량제2동,97,74
451,부산광역시,동구,초량제3동,97,74
452,부산광역시,동구,초량제6동,97,74
453,부산광역시,동구,수정제1동,97,74
454,부산광역시,동구,수정제2동,97,75
455,부산광역시,동구,수정제4동,97,75
456,부산광역시,동구,수정제5동,97,75
457,부산광역시,동구,좌천동,98,75
458,부산광역시,동구,범일제1동,98,75
459,부산광역시,동구,범일제2동,98,75
460,부산광역시,동구,범일제5동,98,75
461,부산광역시,영도구,남항동,97,74
462,부산광역시,영도구,영선제1동,97,74
463,부산광역시,영도구,영선제2동,97,74
464,부산광역시,영도구,신선동,97,74
465,부산광역시,영도구,봉래제1동,97,74
466,부산광역시,영도구,봉래제2동,97,74
467,부산광역시,영도구,청학제1동,98,74
468,부산광역시,영도구,청학제2동,98,74
469,부산광역시,영도구,동삼제1동,98,73
470,부산광역시,영도구,동삼제2동,98,73
471,부산광역시,영도구,동삼제3동,98,74
472,부산광역시,부산진구,부전제1동,98,75
473,부산광역시,부산진구,부전제2동,98,75
474,부산광역시,부산진구,연지동,97,76
475,부산광역시,부산진구,초읍동,97,76
476,부산광역시,부산진구,양정제1동,98,76
477,부산광역시,부산진구,양정제2동,98,76
478,부산광역시,부산진구,전포제1동,98,75
479,부산광역시,부산진구,전포제2동,98,75
480,부산광역시,부산진구,부암제1동,97,75
481,부산광역시,부산진구,부암제3동,97,75
482,부산광역시,부산진구,당감제1동,97,75
483,부산광역시,부산진구,당감제2동,97,75
484,부산광역시,부산진구,당감제4동,97,75
485,부산광역시,부산진구,가야제1동,97,75
486,부산광역시,부산진구,가야제2동,97,75
487,부산광역시,부산진구,개금제1동,97,75
488,부산광역시,부산진구,개금제2동,97,75
489,부산광역시,부산진구,개금제3동,97,75
490,부산광역시,부산진구,범천제1동,98,75
491,부산광역시,부산진구,범천제2동,98,75
492,부산광역시,동래구,수민동,98,76
493,부산광역시,동래구,복산동,98,76
494,부산광역시,동래구,명륜동,98,77
495,부산광역시,동래구,온천제1동,98,77
496,부산광역시,동래구,온천제2동,98,76
497,부산광역시,동래구,온천제3동,98,76
498,부산광역시,동래구,사직제1동,98,76
499,부산광역시,동래구,사직제2동,98,76
500,부산광역시,동래구,사직제3동,98,76
501,부산광역시,동래구,안락제1동,98,76
502,부산광역시,동래구,안락제2동,98,76
503,부산광역시,동래구,명장제1동,98,76
504,부산광역시,동래구,명장제2동,98,76
505,부산광역시,남구,대연제1동,98,75
506,부산광역시,남구,대연제3동,98,75
507,부산광역시,남구,대연제4동,98,75
508,부산광역시,남구,대연제5동,98,75
509,부산광역시,남구,대연제6동,98,75
510,부산광역시,남구,용호제1동,99,74
511,부산광역시,남구,용호제2동,99,74
512,부산광역시,남구,용호제3동,99,74
513,부산광역시,남구,용호제4동,99,74
514,부산광역시,남구,용당동,98,74
515,부산광역시,남구,감만제1동,98,74
516,부산광역시,남구,감만제2동,98,74
517,부산광역시,남구,우암동,98,75
518,부산광역시,남구,문현제1동,98,75
519,부산광역시,남구,문현제2동,98,75
520,부산광역시,남구,문현제3동,98,75
521,부산광역시,남구,문현제4동,98,75
522,부산광역시,북구,구포제1동,97,76
523,부산광역시,북구,구포제2동,96,76
524,부산광역시,북구,구포제3동,97,76
525,부산광역시,북구,금곡동,97,77
526,부산광역시,북구,화명제1동,97,77
527,부산광역시,북구,화명제2동,97,77
528,부산광역시,북구,화명제3동,97,77
529,부산광역시,북구,덕천제1동,97,76
530,부산광역시,북구,덕천제2동,97,76
531,부산광역시,북구,덕천제3동,97,76
532,부산광역시,북구,만덕제1동,97,76
533,부산광역시,북구,만덕제2동,97,76
534,부산광역시,북구,만덕제3동,97,76
535,부산광역시,해운대구,우제1동,99,75
536,부산광역시,해운대구,우제2동,99,76
537,부산광역시,해운대구,우제3동,99,75
538,부산광역시,해운대구,중제1동,99,75
539,부산광역시,해운대구,중제2동,100,75
540,부산광역시,해운대구,좌제1동,100,76
541,부산광역시,해운대구,좌제2동,100,76
542,부산광역시,해운대구,좌제3동,100,76
543,부산광역시,해운대구,좌제4동,100,76
544,부산광역시,해운대구,송정동,100,76
545,부산광역시,해운대구,반여제1동,99,76
546,부산광역시,해운대구,반여제2동,99,76
547,부산광역시,해운대구,반여제3동,99,76
548,부산광역시,해운대구,반여제4동,99,76
549,부산광역시,해운대구,반송제1동,99,77
550,부산광역시,해운대구,반송제2동,99,77
551,부산광역시,해운대구,재송제1동,99,76
552,부산광역시,해운대구,재송제2동,99,76
553,부산광역시,사하구,괴정제1동,96,74
554,부산광역시,사하구,괴정제2동,97,74
555,부산광역시,사하구,괴정제3동,97,74
556,부산광역시,사하구,괴정제4동,96,74
557,부산광역시,사하구,당리동,96,74
558,부산광역시,사하구,하단제1동,96,74
559,부산광역시,사하구,하단제2동,96,74
560,부산광역시,사하구,신평제1동,96,74
561,부산광역시,사하구,신평제2동,96,74
562,부산광역시,사하구,장림제1동,96,73
563,부산광역시,사하구,장림제2동,96,73
564,부산광역시,사하구,다대제1동,96,73
565,부산광역시,사하구,다대제2동,96,73
566,부산광역시,사하구,구평동,96,73
567,부산광역시,사하구,감천제1동,97,74
568,부산광역시,사하구,감천제2동,97,74
569,부산광역시,금정구,서제1동,98,77
570,부산광역시,금정구,서제2동,98,76
571,부산광역시,금정구,서제3동,98,76
572,부산광역시,금정구,금사회동동,98,77
573,부산광역시,금정구,부곡제1동,98,77
574,부산광역시,금정구,부곡제2동,98,77
575,부산광역시,금정구,부곡제3동,98,77
576,부산광역시,금정구,부곡제4동,98,77
577,부산광역시,금정구,장전제1동,98,77
578,부산광역시,금정구,장전제2동,98,77
579,부산광역시,금정구,선두구동,98,78
580,부산광역시,금정구,청룡노포동,98,78
581,부산광역시,금정구,남산동,98,78
582,부산광역시,금정구,구서제1동,98,77
583,부산광역시,금정구,구서제2동,98,77
584,부산광역시,금정구,금성동,97,77
585,부산광역시,강서구,대저1동,96,76
586,부산광역시,강서구,대저2동,96,76
587,부산광역시,강서구,강동동,95,76
588,부산광역시,강서구,명지1동,95,74
589,부산광역시,강서구,명지2동,95,74
590,부산광역시,강서구,가락동,95,76
591,부산광역시,강서구,녹산동,94,74
592,부산광역시,강서구,가덕도동,93,73
593,부산광역시,연제구,거제제1동,98,76
594,부산광역시,연제구,거제제2동,98,76
595,부산광역시,연제구,거제제3동,98,76
596,부산광역시,연제구,거제제4동,98,76
597,부산광역시,연제구,연산제1동,98,76
598,부산광역시,연제구,연산제2동,98,76
599,부산광역시,연제구,연산제3동,98,76
600,부산광역시,연제구,연산제4동,98,76
601,부산광역시,연제구,연산제5동,98,76
602,부산광역시,연제구,연산제6동,98,76
603,부산광역시,연제구,연산제8동,98,76
604,부산광역시,연제구,연산제9동,98,76
605,부산광역시,수영구,남천제1동,99,75
606,부산광역시,수영구,남천제2동,99,75
607,부산광역시,수영구,수영동,99,76
608,부산광역시,수영구,망미제1동,98,76
609,부산광역시,수영구,망미제2동,99,76
610,부산광역시,수영구,광안제1동,99,75
611,부산광역시,수영구,광안제2동,99,75
612,부산광역시,수영구,광안제3동,99,75
613,부산광역시,수영구,광안제4동,99,75
614,부산광역시,수영구,민락동,99,75
615,부산광역시,사상구,삼락동,96,76
616,부산광역시,사상구,모라제1동,96,76
617,부산광역시,사상구,모라제3동,96,76
618,부산광역시,사상구,덕포제1동,96,75
619,부산광역시,사상구,덕포제2동,96,76
620,부산광역시,사상구,괘법동,96,75
621,부산광역시,사상구,감전동,96,75
622,부산광역시,사상구,주례제1동,97,75
623,부산광역시,사상구,주례제2동,97,75
624,부산광역시,사상구,주례제3동,97,75
625,부산광역시,사상구,학장동,96,75
626,부산광역시,사상구,엄궁동,96,75
627,부산광역시,기장군,기장읍,100,77
628,부산광역시,기장군,장안읍,101,79
629,부산광역시,기장군,정관읍,100,79
630,부산광역시,기장군,일광읍,101,78
631,부산광역시,기장군,철마면,99,78
632,대구광역시,중구,동인동,89,91
633,대구광역시,중구,삼덕동,89,90
634,대구광역시,중구,성내1동,89,90
635,대구광역시,중구,성내2동,89,90
636,대구광역시,중구,성내3동,89,90
637,대구광역시,중구,대신동,89,90
638,대구광역시,중구,남산1동,89,90
639,대구광역시,중구,남산2동,89,90
640,대구광역시,중구,남산3동,89,90
641,대구광역시,중구,남산4동,89,90
642,대구광역시,중구,대봉1동,89,90
643,대구광역시,중구,대봉2동,89,90
644,대구광역시,동구,신암1동,89,91
645,대구광역시,동구,신암2동,89,91
646,대구광역시,동구,신암3동,89,91
647,대구광역시,동구,신암4동,89,91
648,대구광역시,동구,신암5동,89,91
649,대구광역시,동구,신천1.2동,89,90
650,대구광역시,동구,신천3동,89,91
651,대구광역시,동구,신천4동,89,90
652,대구광역시,동구,효목1동,90,91
653,대구광역시,동구,효목2동,90,91
654,대구광역시,동구,도평동,90,91
655,대구광역시,동구,불로.봉무동,90,91
656,대구광역시,동구,지저동,90,91
657,대구광역시,동구,동촌동,90,91
658,대구광역시,동구,방촌동,90,91
659,대구광역시,동구,해안동,90,91
660,대구광역시,동구,안심1동,91,90
661,대구광역시,동구,안심2동,90,91
662,대구광역시,동구,안심3동,91,91
663,대구광역시,동구,안심4동,91,91
664,대구광역시,동구,혁신동,91,91
665,대구광역시,동구,공산동,90,92
666,대구광역시,서구,내당1동,88,90
667,대구광역시,서구,내당2.3동,88,90
668,대구광역시,서구,내당4동,88,90
669,대구광역시,서구,비산1동,88,91
670,대구광역시,서구,비산2.3동,88,91
671,대구광역시,서구,비산4동,88,90
672,대구광역시,서구,비산5동,88,91
673,대구광역시,서구,비산6동,88,91
674,대구광역시,서구,비산7동,88,91
675,대구광역시,서구,평리1동,88,91
676,대구광역시,서구,평리2동,88,90
677,대구광역시,서구,평리3동,88,91
678,대구광역시,서구,평리4동,88,90
679,대구광역시,서구,평리5동,88,90
680,대구광역시,서구,평리6동,88,91
681,대구광역시,서구,상중이동,88,90
682,대구광역시,서구,원대동,88,91
683,대구광역시,남구,이천동,89,90
684,대구광역시,남구,봉덕1동,89,90
685,대구광역시,남구,봉덕2동,89,90
686,대구광역시,남구,봉덕3동,89,90
687,대구광역시,남구,대명1동,89,90
688,대구광역시,남구,대명2동,89,90
689,대구광역시,남구,대명3동,89,90
690,대구광역시,남구,대명4동,88,90
691,대구광역시,남구,대명5동,89,90
692,대구광역시,남구,대명6동,88,90
693,대구광역시,남구,대명9동,89,90
694,대구광역시,남구,대명10동,88,90
695,대구광역시,남구,대명11동,88,90
696,대구광역시,북구,고성동,89,91
697,대구광역시,북구,칠성동,89,91
698,대구광역시,북구,침산1동,89,91
699,대구광역시,북구,침산2동,89,91
700,대구광역시,북구,침산3동,89,91
701,대구광역시,북구,산격1동,89,91
702,대구광역시,북구,산격2동,89,91
703,대구광역시,북구,산격3동,89,91
704,대구광역시,북구,산격4동,89,91
705,대구광역시,북구,대현동,89,91
706,대구광역시,북구,복현1동,89,91
707,대구광역시,북구,복현2동,89,91
708,대구광역시,북구,검단동,89,91
709,대구광역시,북구,무태조야동,89,92
710,대구광역시,북구,관문동,88,91
711,대구광역시,북구,태전1동,88,92
712,대구광역시,북구,태전2동,88,92
713,대구광역시,북구,구암동,88,92
714,대구광역시,북구,관음동,88,92
715,대구광역시,북구,읍내동,88,92
716,대구광역시,북구,동천동,88,92
717,대구광역시,북구,노원동,89,91
718,대구광역시,북구,국우동,88,92
719,대구광역시,수성구,범어1동,89,90
720,대구광역시,수성구,범어2동,89,90
721,대구광역시,수성구,범어3동,89,90
722,대구광역시,수성구,범어4동,90,90
723,대구광역시,수성구,만촌1동,90,91
724,대구광역시,수성구,만촌2동,90,90
725,대구광역시,수성구,만촌3동,90,90
726,대구광역시,수성구,수성1가동,89,90
727,대구광역시,수성구,수성2.3가동,89,90
728,대구광역시,수성구,수성4가동,89,90
729,대구광역시,수성구,황금1동,90,90
730,대구광역시,수성구,황금2동,89,90
731,대구광역시,수성구,중동,89,90
732,대구광역시,수성구,상동,89,90
733,대구광역시,수성구,파동,89,89
734,대구광역시,수성구,두산동,89,90
735,대구광역시,수성구,지산1동,90,89
736,대구광역시,수성구,지산2동,89,89
737,대구광역시,수성구,범물1동,90,89
738,대구광역시,수성구,범물2동,90,89
739,대구광역시,수성구,고산1동,91,90
740,대구광역시,수성구,고산2동,91,90
741,대구광역시,수성구,고산3동,91,90
742,대구광역시,달서구,성당동,88,90
743,대구광역시,달서구,두류1.2동,89,90
744,대구광역시,달서구,두류3동,88,90
745,대구광역시,달서구,감삼동,88,90
746,대구광역시,달서구,죽전동,88,90
747,대구광역시,달서구,장기동,88,90
748,대구광역시,달서구,용산1동,88,90
749,대구광역시,달서구,용산2동,88,90
750,대구광역시,달서구,이곡1동,87,90
751,대구광역시,달서구,이곡2동,87,90
752,대구광역시,달서구,신당동,87,90
753,대구광역시,달서구,본리동,88,90
754,대구광역시,달서구,월성1동,88,89
755,대구광역시,달서구,월성2동,88,90
756,대구광역시,달서구,진천동,88,89
757,대구광역시,달서구,유천동,87,89
758,대구광역시,달서구,상인1동,88,89
759,대구광역시,달서구,상인2동,88,89
760,대구광역시,달서구,상인3동,88,89
761,대구광역시,달서구,도원동,88,89
762,대구광역시,달서구,송현1동,88,90
763,대구광역시,달서구,송현2동,88,90
764,대구광역시,달서구,본동,88,90
765,대구광역시,달성군,화원읍,87,89
766,대구광역시,달성군,논공읍,86,88
767,대구광역시,달성군,다사읍,86,90
768,대구광역시,달성군,유가읍,87,87
769,대구광역시,달성군,옥포읍,87,89
770,대구광역시,달성군,현풍읍,86,87
771,대구광역시,달성군,가창면,89,89
772,대구광역시,달성군,하빈면,86,91
773,대구광역시,달성군,구지면,86,86
774,인천광역시,중구,연안동,53,124
775,인천광역시,중구,신포동,54,125
776,인천광역시,중구,신흥동,54,124
777,인천광역시,중구,도원동,54,124
778,인천광역시,중구,율목동,54,124
779,인천광역시,중구,동인천동,54,125
780,인천광역시,중구,개항동,54,125
781,인천광역시,중구,영종동,52,125
782,인천광역시,중구,영종1동,53,125
783,인천광역시,중구,운서동,51,125
784,인천광역시,중구,용유동,50,124
785,인천광역시,동구,만석동,54,125
786,인천광역시,동구,화수1.화평동,54,125
787,인천광역시,동구,화수2동,54,125
788,인천광역시,동구,송현1.2동,54,125
789,인천광역시,동구,송현3동,54,125
790,인천광역시,동구,송림1동,54,125
791,인천광역시,동구,송림2동,54,125
792,인천광역시,동구,송림3.5동,54,125
793,인천광역시,동구,송림4동,54,125
794,인천광역시,동구,송림6동,54,125
795,인천광역시,동구,금창동,54,125
796,인천광역시,미추홀구,숭의2동,54,124
797,인천광역시,미추홀구,숭의1.3동,54,125
798,인천광역시,미추홀구,숭의4동,54,124
799,인천광역시,미추홀구,용현1.4동,54,124
800,인천광역시,미추홀구,용현2동,54,124
801,인천광역시,미추홀구,용현3동,54,124
802,인천광역시,미추홀구,용현5동,54,124
803,인천광역시,미추홀구,학익1동,54,124
804,인천광역시,미추홀구,학익2동,55,124
805,인천광역시,미추홀구,도화1동,55,124
806,인천광역시,미추홀구,도화2.3동,54,125
807,인천광역시,미추홀구,주안1동,55,124
808,인천광역시,미추홀구,주안2동,55,124
809,인천광역시,미추홀구,주안3동,55,124
810,인천광역시,미추홀구,주안4동,55,124
811,인천광역시,미추홀구,주안5동,55,124
812,인천광역시,미추홀구,주안6동,55,124
813,인천광역시,미추홀구,주안7동,55,124
814,인천광역시,미추홀구,주안8동,55,124
815,인천광역시,미추홀구,관교동,55,124
816,인천광역시,미추홀구,문학동,55,124
817,인천광역시,연수구,옥련1동,54,124
818,인천광역시,연수구,옥련2동,54,124
819,인천광역시,연수구,선학동,55,123
820,인천광역시,연수구,연수1동,55,123
821,인천광역시,연수구,연수2동,55,123
822,인천광역시,연수구,연수3동,55,123
823,인천광역시,연수구,청학동,55,124
824,인천광역시,연수구,동춘1동,55,123
825,인천광역시,연수구,동춘2동,55,123
826,인천광역시,연수구,동춘3동,55,123
827,인천광역시,연수구,송도1동,54,123
828,인천광역시,연수구,송도2동,54,123
829,인천광역시,연수구,송도3동,54,123
830,인천광역시,연수구,송도4동,54,123
831,인천광역시,연수구,송도5동,54,123
832,인천광역시,남동구,구월1동,55,124
833,인천광역시,남동구,구월2동,55,124
834,인천광역시,남동구,구월3동,55,124
835,인천광역시,남동구,구월4동,56,124
836,인천광역시,남동구,간석1동,55,124
837,인천광역시,남동구,간석2동,55,124
838,인천광역시,남동구,간석3동,55,124
839,인천광역시,남동구,간석4동,55,124
840,인천광역시,남동구,만수1동,56,124
841,인천광역시,남동구,만수2동,56,124
842,인천광역시,남동구,만수3동,55,124
843,인천광역시,남동구,만수4동,56,124
844,인천광역시,남동구,만수5동,56,124
845,인천광역시,남동구,만수6동,56,124
846,인천광역시,남동구,장수서창동,56,124
847,인천광역시,남동구,서창2동,56,124
848,인천광역시,남동구,남촌도림동,55,124
849,인천광역시,남동구,논현1동,56,123
850,인천광역시,남동구,논현2동,55,123
851,인천광역시,남동구,논현고잔동,55,123
852,인천광역시,부평구,부평1동,55,125
853,인천광역시,부평구,부평2동,55,125
854,인천광역시,부평구,부평3동,55,125
855,인천광역시,부평구,부평4동,56,125
856,인천광역시,부평구,부평5동,56,125
857,인천광역시,부평구,부평6동,56,125
858,인천광역시,부평구,산곡1동,55,125
859,인천광역시,부평구,산곡2동,55,125
860,인천광역시,부평구,산곡3동,55,125
861,인천광역시,부평구,산곡4동,55,125
862,인천광역시,부평구,청천1동,55,126
863,인천광역시,부평구,청천2동,55,125
864,인천광역시,부평구,갈산1동,56,126
865,인천광역시,부평구,갈산2동,56,125
866,인천광역시,부평구,삼산1동,56,126
867,인천광역시,부평구,삼산2동,56,125
868,인천광역시,부평구,부개1동,56,125
869,인천광역시,부평구,부개2동,56,125
870,인천광역시,부평구,부개3동,56,125
871,인천광역시,부평구,일신동,56,125
872,인천광역시,부평구,십정1동,55,125
873,인천광역시,부평구,십정2동,55,125
874,인천광역시,계양구,효성1동,55,126
875,인천광역시,계양구,효성2동,55,126
876,인천광역시,계양구,계산1동,55,126
877,인천광역시,계양구,계산2동,56,126
878,인천광역시,계양구,계산3동,56,126
879,인천광역시,계양구,계산4동,56,126
880,인천광역시,계양구,작전1동,56,126
881,인천광역시,계양구,작전2동,55,126
882,인천광역시,계양구,작전서운동,56,126
883,인천광역시,계양구,계양1동,56,127
884,인천광역시,계양구,계양2동,56,126
885,인천광역시,계양구,계양3동,56,127
886,인천광역시,서구,검암경서동,55,127
887,인천광역시,서구,연희동,55,126
888,인천광역시,서구,청라1동,54,126
889,인천광역시,서구,청라2동,54,126
890,인천광역시,서구,청라3동,54,126
891,인천광역시,서구,가정1동,55,126
892,인천광역시,서구,가정2동,55,126
893,인천광역시,서구,가정3동,55,125
894,인천광역시,서구,석남1동,55,125
895,인천광역시,서구,석남2동,55,125
896,인천광역시,서구,석남3동,55,125
897,인천광역시,서구,신현원창동,55,125
898,인천광역시,서구,가좌1동,55,125
899,인천광역시,서구,가좌2동,55,125
900,인천광역시,서구,가좌3동,55,125
901,인천광역시,서구,가좌4동,55,125
902,인천광역시,서구,검단동,54,127
903,인천광역시,서구,불로대곡동,55,128
904,인천광역시,서구,원당동,55,127
905,인천광역시,서구,당하동,55,127
906,인천광역시,서구,오류왕길동,54,127
907,인천광역시,서구,마전동,54,127
908,인천광역시,서구,아라동,55,127
909,인천광역시,강화군,강화읍,51,131
910,인천광역시,강화군,선원면,51,130
911,인천광역시,강화군,불은면,51,129
912,인천광역시,강화군,길상면,51,128
913,인천광역시,강화군,화도면,50,128
914,인천광역시,강화군,양도면,50,129
915,인천광역시,강화군,내가면,50,130
916,인천광역시,강화군,하점면,50,131
917,인천광역시,강화군,양사면,50,132
918,인천광역시,강화군,송해면,51,131
919,인천광역시,강화군,교동면,48,131
920,인천광역시,강화군,삼산면,49,130
921,인천광역시,강화군,서도면,47,128
922,인천광역시,옹진군,북도면,50,126
923,인천광역시,옹진군,백령면,21,135
924,인천광역시,옹진군,대청면,21,132
925,인천광역시,옹진군,덕적면,46,119
926,인천광역시,옹진군,영흥면,51,120
927,인천광역시,옹진군,자월면,48,120
928,인천광역시,옹진군,연평면,38,129
929,광주광역시,동구,충장동,59,74
930,광주광역시,동구,동명동,60,74
931,광주광역시,동구,계림1동,59,74
932,광주광역시,동구,계림2동,60,74
933,광주광역시,동구,산수1동,60,74
934,광주광역시,동구,산수2동,60,74
935,광주광역시,동구,지산1동,60,74
936,광주광역시,동구,지산2동,60,74
937,광주광역시,동구,서남동,60,74
938,광주광역시,동구,학동,60,74
939,광주광역시,동구,학운동,60,74
940,광주광역시,동구,지원1동,60,73
941,광주광역시,동구,지원2동,60,73
942,광주광역시,서구,양동,59,74
943,광주광역시,서구,양3동,59,74
944,광주광역시,서구,농성1동,59,74
945,광주광역시,서구,농성2동,59,74
946,광주광역시,서구,광천동,59,74
947,광주광역시,서구,유덕동,58,74
948,광주광역시,서구,치평동,58,74
949,광주광역시,서구,상무1동,59,74
950,광주광역시,서구,상무2동,58,74
951,광주광역시,서구,화정1동,59,74
952,광주광역시,서구,화정2동,59,74
953,광주광역시,서구,화정3동,59,74
954,광주광역시,서구,화정4동,59,74
955,광주광역시,서구,서창동,58,73
956,광주광역시,서구,금호1동,58,74
957,광주광역시,서구,금호2동,58,74
958,광주광역시,서구,풍암동,59,74
959,광주광역시,서구,동천동,58,75
960,광주광역시,남구,양림동,59,74
961,광주광역시,남구,방림1동,59,74
962,광주광역시,남구,방림2동,59,74
963,광주광역시,남구,봉선1동,59,74
964,광주광역시,남구,봉선2동,59,73
965,광주광역시,남구,사직동,59,74
966,광주광역시,남구,월산동,59,74
967,광주광역시,남구,월산4동,59,74
968,광주광역시,남구,월산5동,59,74
969,광주광역시,남구,백운1동,59,74
970,광주광역시,남구,백운2동,59,74
971,광주광역시,남구,주월1동,59,74
972,광주광역시,남구,주월2동,59,74
973,광주광역시,남구,진월동,59,73
974,광주광역시,남구,효덕동,59,73
975,광주광역시,남구,송암동,59,73
976,광주광역시,남구,대촌동,58,73
977,광주광역시,북구,중흥1동,59,74
978,광주광역시,북구,중흥2동,59,74
979,광주광역시,북구,중흥3동,59,75
980,광주광역시,북구,중앙동,59,74
981,광주광역시,북구,임동,59,74
982,광주광역시,북구,신안동,59,74
983,광주광역시,북구,용봉동,59,75
984,광주광역시,북구,운암1동,59,75
985,광주광역시,북구,운암2동,59,75
986,광주광역시,북구,운암3동,59,75
987,광주광역시,북구,동림동,58,75
988,광주광역시,북구,우산동,59,75
989,광주광역시,북구,풍향동,60,74
990,광주광역시,북구,문화동,60,75
991,광주광역시,북구,문흥1동,59,75
992,광주광역시,북구,문흥2동,59,75
993,광주광역시,북구,두암1동,60,75
994,광주광역시,북구,두암2동,60,75
995,광주광역시,북구,두암3동,60,74
996,광주광역시,북구,삼각동,59,75
997,광주광역시,북구,일곡동,59,75
998,광주광역시,북구,매곡동,59,75
999,광주광역시,북구,오치1동,59,75
1000,광주광역시,북구,오치2동,59,75
1001,광주광역시,북구,석곡동,60,75
1002,광주광역시,북구,건국동,59,76
1003,광주광역시,북구,양산동,59,76
1004,광주광역시,북구,신용동,58,75
1005,광주광역시,광산구,송정1동,57,74
1006,광주광역시,광산구,송정2동,57,74
1007,광주광역시,광산구,도산동,57,74
1008,광주광역시,광산구,신흥동,57,74
1009,광주광역시,광산구,어룡동,57,74
1010,광주광역시,광산구,우산동,57,74
1011,광주광역시,광산구,월곡1동,57,75
1012,광주광역시,광산구,월곡2동,57,75
1013,광주광역시,광산구,비아동,58,76
1014,광주광역시,광산구,첨단1동,58,76
1015,광주광역시,광산구,첨단2동,58,76
1016,광주광역시,광산구,신가동,58,75
1017,광주광역시,광산구,운남동,58,75
1018,광주광역시,광산구,수완동,58,75
1019,광주광역시,광산구,하남동,57,75
1020,광주광역시,광산구,임곡동,56,76
1021,광주광역시,광산구,동곡동,57,73
1022,광주광역시,광산구,평동,57,73
1023,광주광역시,광산구,삼도동,55,74
1024,광주광역시,광산구,본량동,56,75
1025,광주광역시,광산구,신창동,58,75
1026,대전광역시,동구,중앙동,68,100
1027,대전광역시,동구,효동,68,100
1028,대전광역시,동구,신인동,68,100
1029,대전광역시,동구,판암1동,69,100
1030,대전광역시,동구,판암2동,69,100
1031,대전광역시,동구,용운동,69,100
1032,대전광역시,동구,대동,68,100
1033,대전광역시,동구,자양동,68,100
1034,대전광역시,동구,가양1동,68,100
1035,대전광역시,동구,가양2동,68,100
1036,대전광역시,동구,용전동,68,101
1037,대전광역시,동구,성남동,68,100
1038,대전광역시,동구,홍도동,68,100
1039,대전광역시,동구,삼성동,68,100
1040,대전광역시,동구,대청동,69,100
1041,대전광역시,동구,산내동,69,99
1042,대전광역시,중구,은행선화동,68,100
1043,대전광역시,중구,목동,68,100
1044,대전광역시,중구,중촌동,68,100
1045,대전광역시,중구,대흥동,68,100
1046,대전광역시,중구,문창동,68,100
1047,대전광역시,중구,석교동,68,99
1048,대전광역시,중구,대사동,68,100
1049,대전광역시,중구,부사동,68,100
1050,대전광역시,중구,용두동,68,100
1051,대전광역시,중구,오류동,68,100
1052,대전광역시,중구,태평1동,68,100
1053,대전광역시,중구,태평2동,67,100
1054,대전광역시,중구,유천1동,67,100
1055,대전광역시,중구,유천2동,68,100
1056,대전광역시,중구,문화1동,68,100
1057,대전광역시,중구,문화2동,68,99
1058,대전광역시,중구,산성동,67,99
1059,대전광역시,서구,복수동,67,99
1060,대전광역시,서구,도마1동,67,100
1061,대전광역시,서구,도마2동,67,100
1062,대전광역시,서구,정림동,67,99
1063,대전광역시,서구,변동,67,100
1064,대전광역시,서구,용문동,67,100
1065,대전광역시,서구,탄방동,67,100
1066,대전광역시,서구,괴정동,67,100
1067,대전광역시,서구,가장동,67,100
1068,대전광역시,서구,내동,67,100
1069,대전광역시,서구,갈마1동,67,100
1070,대전광역시,서구,갈마2동,67,100
1071,대전광역시,서구,월평1동,67,100
1072,대전광역시,서구,월평2동,67,101
1073,대전광역시,서구,월평3동,67,101
1074,대전광역시,서구,가수원동,67,99
1075,대전광역시,서구,도안동,67,100
1076,대전광역시,서구,관저1동,66,99
1077,대전광역시,서구,관저2동,66,99
1078,대전광역시,서구,기성동,67,98
1079,대전광역시,서구,둔산1동,67,100
1080,대전광역시,서구,둔산2동,67,100
1081,대전광역시,서구,만년동,67,101
1082,대전광역시,서구,둔산3동,68,101
1083,대전광역시,유성구,진잠동,66,99
1084,대전광역시,유성구,학하동,66,100
1085,대전광역시,유성구,상대동,66,100
1086,대전광역시,유성구,온천1동,66,100
1087,대전광역시,유성구,온천2동,66,101
1088,대전광역시,유성구,노은1동,66,101
1089,대전광역시,유성구,노은2동,66,101
1090,대전광역시,유성구,노은3동,66,101
1091,대전광역시,유성구,신성동,67,101
1092,대전광역시,유성구,전민동,68,101
1093,대전광역시,유성구,구즉동,67,102
1094,대전광역시,유성구,관평동,68,101
1095,대전광역시,유성구,원신흥동,67,100
1096,대전광역시,대덕구,오정동,68,100
1097,대전광역시,대덕구,대화동,68,101
1098,대전광역시,대덕구,회덕동,68,101
1099,대전광역시,대덕구,비래동,68,100
1100,대전광역시,대덕구,송촌동,68,101
1101,대전광역시,대덕구,중리동,68,101
1102,대전광역시,대덕구,신탄진동,68,103
1103,대전광역시,대덕구,석봉동,68,102
1104,대전광역시,대덕구,덕암동,68,102
1105,대전광역시,대덕구,목상동,68,102
1106,대전광역시,대덕구,법1동,68,101
1107,대전광역시,대덕구,법2동,68,101
1108,울산광역시,중구,학성동,102,84
1109,울산광역시,중구,반구1동,102,84
1110,울산광역시,중구,반구2동,102,84
1111,울산광역시,중구,복산1동,102,84
1112,울산광역시,중구,복산2동,102,84
1113,울산광역시,중구,중앙동,102,84
1114,울산광역시,중구,우정동,102,84
1115,울산광역시,중구,태화동,102,84
1116,울산광역시,중구,다운동,101,84
1117,울산광역시,중구,병영1동,102,84
1118,울산광역시,중구,병영2동,102,85
1119,울산광역시,중구,약사동,102,84
1120,울산광역시,중구,성안동,102,85
1121,울산광역시,남구,신정1동,102,84
1122,울산광역시,남구,신정2동,102,84
1123,울산광역시,남구,신정3동,102,84
1124,울산광역시,남구,신정4동,102,83
1125,울산광역시,남구,신정5동,102,84
1126,울산광역시,남구,달동,102,84
1127,울산광역시,남구,삼산동,102,84
1128,울산광역시,남구,삼호동,101,84
1129,울산광역시,남구,무거동,101,84
1130,울산광역시,남구,옥동,101,84
1131,울산광역시,남구,대현동,102,83
1132,울산광역시,남구,수암동,102,83
1133,울산광역시,남구,선암동,102,83
1134,울산광역시,남구,야음장생포동,102,83
1135,울산광역시,동구,방어동,104,83
1136,울산광역시,동구,일산동,104,83
1137,울산광역시,동구,화정동,104,83
1138,울산광역시,동구,대송동,104,83
1139,울산광역시,동구,전하1동,104,83
1140,울산광역시,동구,전하2동,104,83
1141,울산광역시,동구,남목1동,104,84
1142,울산광역시,동구,남목2동,104,83
1143,울산광역시,동구,남목3동,104,84
1144,울산광역시,북구,농소1동,102,86
1145,울산광역시,북구,농소2동,102,86
1146,울산광역시,북구,농소3동,102,86
1147,울산광역시,북구,강동동,104,85
1148,울산광역시,북구,효문동,103,85
1149,울산광역시,북구,송정동,103,85
1150,울산광역시,북구,양정동,103,84
1151,울산광역시,북구,염포동,103,83
1152,울산광역시,울주군,온산읍,102,81
1153,울산광역시,울주군,언양읍,98,84
1154,울산광역시,울주군,온양읍,101,81
1155,울산광역시,울주군,범서읍,100,84
1156,울산광역시,울주군,청량읍,102,83
1157,울산광역시,울주군,삼남읍,98,84
1158,울산광역시,울주군,서생면,102,80
1159,울산광역시,울주군,웅촌면,100,82
1160,울산광역시,울주군,두동면,100,86
1161,울산광역시,울주군,두서면,99,86
1162,울산광역시,울주군,상북면,98,85
1163,울산광역시,울주군,삼동면,99,83
1164,세종특별자치시,세종특별자치시,조치원읍,66,106
1165,세종특별자치시,세종특별자치시,연기면,65,105
1166,세종특별자치시,세종특별자치시,연동면,66,105
1167,세종특별자치시,세종특별자치시,부강면,67,104
1168,세종특별자치시,세종특별자치시,금남면,65,103
1169,세종특별자치시,세종특별자치시,장군면,64,104
1170,세종특별자치시,세종특별자치시,연서면,65,106
1171,세종특별자치시,세종특별자치시,전의면,64,108
1172,세종특별자치시,세종특별자치시,전동면,65,107
1173,세종특별자치시,세종특별자치시,소정면,63,108
1174,세종특별자치시,세종특별자치시,한솔동,65,103
1175,세종특별자치시,세종특별자치시,새롬동,65,103
1176,세종특별자치시,세종특별자치시,나성동,65,103
1177,세종특별자치시,세종특별자치시,도담동,65,104
1178,세종특별자치시,세종특별자치시,해밀동,65,104
1179,세종특별자치시,세종특별자치시,아름동,65,104
1180,세종특별자치시,세종특별자치시,종촌동,65,104
1181,세종특별자치시,세종특별자치시,고운동,65,104
1182,세종특별자치시,세종특별자치시,소담동,66,103
1183,세종특별자치시,세종특별자치시,반곡동,66,104
1184,세종특별자치시,세종특별자치시,보람동,66,103
1185,세종특별자치시,세종특별자치시,대평동,65,103
1186,세종특별자치시,세종특별자치시,다정동,65,104
1187,경기도,수원시장안구,파장동,60,121
1188,경기도,수원시장안구,율천동,60,121
1189,경기도,수원시장안구,정자1동,60,121
1190,경기도,수원시장안구,정자2동,60,121
1191,경기도,수원시장안구,정자3동,60,121
1192,경기도,수원시장안구,영화동,61,121
1193,경기도,수원시장안구,송죽동,60,121
1194,경기도,수원시장안구,조원1동,61,121
1195,경기도,수원시장안구,조원2동,60,121
1196,경기도,수원시장안구,연무동,61,121
1197,경기도,수원시권선구,세류1동,60,120
1198,경기도,수원시권선구,세류2동,61,120
1199,경기도,수원시권선구,세류3동,61,120
1200,경기도,수원시권선구,평동,60,120
1201,경기도,수원시권선구,서둔동,60,120
1202,경기도,수원시권선구,구운동,60,120
1203,경기도,수원시권선구,금곡동,59,120
1204,경기도,수원시권선구,호매실동,60,120
1205,경기도,수원시권선구,권선1동,61,120
1206,경기도,수원시권선구,권선2동,61,120
1207,경기도,수원시권선구,곡선동,61,120
1208,경기도,수원시권선구,입북동,60,121
1209,경기도,수원시팔달구,매교동,61,120
1210,경기도,수원시팔달구,매산동,60,120
1211,경기도,수원시팔달구,고등동,60,120
1212,경기도,수원시팔달구,화서1동,60,120
1213,경기도,수원시팔달구,화서2동,60,121
1214,경기도,수원시팔달구,지동,61,120
1215,경기도,수원시팔달구,우만1동,61,121
1216,경기도,수원시팔달구,우만2동,61,120
1217,경기도,수원시팔달구,인계동,61,120
1218,경기도,수원시팔달구,행궁동,61,121
1219,경기도,수원시영통구,매탄1동,61,120
1220,경기도,수원시영통구,매탄2동,61,120
1221,경기도,수원시영통구,매탄3동,61,120
1222,경기도,수원시영통구,매탄4동,61,120
1223,경기도,수원시영통구,원천동,61,120
1224,경기도,수원시영통구,영통1동,62,120
1225,경기도,수원시영통구,영통2동,61,120
1226,경기도,수원시영통구,영통3동,62,120
1227,경기도,수원시영통구,망포1동,61,120
1228,경기도,수원시영통구,망포2동,61,120
1229,경기도,수원시영통구,광교1동,61,121
1230,경기도,수원시영통구,광교2동,62,121
1231,경기도,성남시수정구,신흥1동,63,124
1232,경기도,성남시수정구,신흥2동,63,124
1233,경기도,성남시수정구,신흥3동,63,124
1234,경기도,성남시수정구,태평1동,62,124
1235,경기도,성남시수정구,태평2동,63,124
1236,경기도,성남시수정구,태평3동,63,124
1237,경기도,성남시수정구,태평4동,63,124
1238,경기도,성남시수정구,수진1동,63,124
1239,경기도,성남시수정구,수진2동,62,124
1240,경기도,성남시수정구,단대동,63,124
1241,경기도,성남시수정구,산성동,63,124
1242,경기도,성남시수정구,양지동,63,124
1243,경기도,성남시수정구,복정동,62,124
1244,경기도,성남시수정구,위례동,63,125
1245,경기도,성남시수정구,신촌동,62,124
1246,경기도,성남시수정구,고등동,62,124
1247,경기도,성남시수정구,시흥동,62,124
1248,경기도,성남시중원구,성남동,63,124
1249,경기도,성남시중원구,중앙동,63,124
1250,경기도,성남시중원구,금광1동,63,124
1251,경기도,성남시중원구,금광2동,63,124
1252,경기도,성남시중원구,은행1동,63,124
1253,경기도,성남시중원구,은행2동,63,124
1254,경기도,성남시중원구,상대원1동,63,124
1255,경기도,성남시중원구,상대원2동,63,124
1256,경기도,성남시중원구,상대원3동,63,124
1257,경기도,성남시중원구,하대원동,63,124
1258,경기도,성남시중원구,도촌동,63,123
1259,경기도,성남시분당구,분당동,63,122
1260,경기도,성남시분당구,수내1동,62,123
1261,경기도,성남시분당구,수내2동,62,122
1262,경기도,성남시분당구,수내3동,62,122
1263,경기도,성남시분당구,정자동,62,122
1264,경기도,성남시분당구,정자1동,62,122
1265,경기도,성남시분당구,정자2동,62,122
1266,경기도,성남시분당구,정자3동,62,122
1267,경기도,성남시분당구,서현1동,62,123
1268,경기도,성남시분당구,서현2동,63,123
1269,경기도,성남시분당구,이매1동,62,123
1270,경기도,성남시분당구,이매2동,62,123
1271,경기도,성남시분당구,야탑1동,63,123
1272,경기도,성남시분당구,야탑2동,62,123
1273,경기도,성남시분당구,야탑3동,63,123
1274,경기도,성남시분당구,판교동,62,123
1275,경기도,성남시분당구,삼평동,62,123
1276,경기도,성남시분당구,백현동,62,123
1277,경기도,성남시분당구,금곡동,62,122
1278,경기도,성남시분당구,구미1동,62,122
1279,경기도,성남시분당구,구미동,62,122
1280,경기도,성남시분당구,운중동,62,123
1281,경기도,의정부시,의정부1동,61,131
1282,경기도,의정부시,의정부2동,61,130
1283,경기도,의정부시,호원1동,61,130
1284,경기도,의정부시,호원2동,61,130
1285,경기도,의정부시,장암동,61,130
1286,경기도,의정부시,신곡1동,61,130
1287,경기도,의정부시,신곡2동,61,131
1288,경기도,의정부시,송산1동,62,130
1289,경기도,의정부시,송산2동,62,130
1290,경기도,의정부시,송산3동,62,131
1291,경기도,의정부시,자금동,61,131
1292,경기도,의정부시,가능동,61,131
1293,경기도,의정부시,흥선동,61,131
1294,경기도,의정부시,녹양동,61,131
1295,경기도,안양시만안구,안양1동,59,123
1296,경기도,안양시만안구,안양2동,59,123
1297,경기도,안양시만안구,안양3동,59,123
1298,경기도,안양시만안구,안양4동,59,123
1299,경기도,안양시만안구,안양5동,59,123
1300,경기도,안양시만안구,안양6동,59,123
1301,경기도,안양시만안구,안양7동,59,123
1302,경기도,안양시만안구,안양8동,59,123
1303,경기도,안양시만안구,안양9동,59,123
1304,경기도,안양시만안구,석수1동,59,123
1305,경기도,안양시만안구,석수2동,59,123
1306,경기도,안양시만안구,석수3동,58,123
1307,경기도,안양시만안구,박달1동,59,123
1308,경기도,안양시만안구,박달2동,59,123
1309,경기도,안양시동안구,비산1동,59,123
1310,경기도,안양시동안구,비산2동,59,123
1311,경기도,안양시동안구,비산3동,59,123
1312,경기도,안양시동안구,부흥동,59,123
1313,경기도,안양시동안구,달안동,59,123
1314,경기도,안양시동안구,관양1동,60,123
1315,경기도,안양시동안구,관양2동,60,123
1316,경기도,안양시동안구,부림동,60,123
1317,경기도,안양시동안구,평촌동,60,123
1318,경기도,안양시동안구,평안동,60,123
1319,경기도,안양시동안구,귀인동,60,123
1320,경기도,안양시동안구,호계1동,60,122
1321,경기도,안양시동안구,호계2동,59,123
1322,경기도,안양시동안구,호계3동,60,122
1323,경기도,안양시동안구,범계동,59,123
1324,경기도,안양시동안구,신촌동,60,123
1325,경기도,안양시동안구,갈산동,60,123
1326,경기도,부천시,심곡동,57,125
1327,경기도,부천시,부천동,57,125
1328,경기도,부천시,중동,56,125
1329,경기도,부천시,신중동,56,125
1330,경기도,부천시,상동,56,125
1331,경기도,부천시,대산동,56,125
1332,경기도,부천시,소사본동,57,125
1333,경기도,부천시,범안동,57,125
1334,경기도,부천시,성곡동,57,126
1335,경기도,부천시,오정동,57,126
1336,경기도,광명시,광명1동,58,125
1337,경기도,광명시,광명2동,58,125
1338,경기도,광명시,광명3동,58,125
1339,경기도,광명시,광명4동,58,125
1340,경기도,광명시,광명5동,58,125
1341,경기도,광명시,광명6동,58,125
1342,경기도,광명시,광명7동,58,125
1343,경기도,광명시,철산1동,58,125
1344,경기도,광명시,철산2동,58,125
1345,경기도,광명시,철산3동,58,125
1346,경기도,광명시,철산4동,58,125
1347,경기도,광명시,하안1동,58,124
1348,경기도,광명시,하안2동,58,124
1349,경기도,광명시,하안3동,58,124
1350,경기도,광명시,하안4동,58,124
1351,경기도,광명시,소하1동,58,124
1352,경기도,광명시,소하2동,58,124
1353,경기도,광명시,일직동,58,123
1354,경기도,광명시,학온동,58,123
1355,경기도,평택시,팽성읍,61,114
1356,경기도,평택시,안중읍,59,114
1357,경기도,평택시,포승읍,58,114
1358,경기도,평택시,청북읍,59,115
1359,경기도,평택시,진위면,62,117
1360,경기도,평택시,서탄면,61,117
1361,경기도,평택시,고덕면,61,115
1362,경기도,평택시,오성면,60,115
1363,경기도,평택시,현덕면,59,114
1364,경기도,평택시,중앙동,61,116
1365,경기도,평택시,서정동,61,116
1366,경기도,평택시,송탄동,62,115
1367,경기도,평택시,지산동,61,116
1368,경기도,평택시,송북동,61,116
1369,경기도,평택시,신장1동,61,116
1370,경기도,평택시,신장2동,61,116
1371,경기도,평택시,신평동,62,114
1372,경기도,평택시,원평동,62,114
1373,경기도,평택시,통복동,62,114
1374,경기도,평택시,비전1동,62,114
1375,경기도,평택시,비전2동,62,114
1376,경기도,평택시,용이동,63,114
1377,경기도,평택시,세교동,62,114
1378,경기도,평택시,동삭동,62,115
1379,경기도,평택시,고덕동,61,115
1380,경기도,동두천시,생연1동,61,134
1381,경기도,동두천시,생연2동,61,134
1382,경기도,동두천시,중앙동,61,134
1383,경기도,동두천시,보산동,61,134
1384,경기도,동두천시,불현동,61,134
1385,경기도,동두천시,송내동,61,134
1386,경기도,동두천시,소요동,61,135
1387,경기도,동두천시,상패동,61,134
1388,경기도,안산시상록구,일동,58,121
1389,경기도,안산시상록구,이동,58,121
1390,경기도,안산시상록구,사동,58,121
1391,경기도,안산시상록구,사이동,58,121
1392,경기도,안산시상록구,해양동,57,121
1393,경기도,안산시상록구,본오1동,58,121
1394,경기도,안산시상록구,본오2동,58,121
1395,경기도,안산시상록구,본오3동,58,121
1396,경기도,안산시상록구,부곡동,58,122
1397,경기도,안산시상록구,월피동,58,122
1398,경기도,안산시상록구,성포동,58,121
1399,경기도,안산시상록구,반월동,59,121
1400,경기도,안산시상록구,안산동,58,122
1401,경기도,안산시단원구,와동,57,122
1402,경기도,안산시단원구,고잔동,57,122
1403,경기도,안산시단원구,중앙동,57,121
1404,경기도,안산시단원구,호수동,57,121
1405,경기도,안산시단원구,원곡동,57,122
1406,경기도,안산시단원구,백운동,57,122
1407,경기도,안산시단원구,신길동,57,122
1408,경기도,안산시단원구,초지동,57,121
1409,경기도,안산시단원구,선부1동,57,122
1410,경기도,안산시단원구,선부2동,57,122
1411,경기도,안산시단원구,선부3동,57,122
1412,경기도,안산시단원구,대부동,53,120
1413,경기도,고양시덕양구,주교동,57,129
1414,경기도,고양시덕양구,원신동,58,129
1415,경기도,고양시덕양구,흥도동,58,128
1416,경기도,고양시덕양구,성사1동,57,129
1417,경기도,고양시덕양구,성사2동,57,128
1418,경기도,고양시덕양구,효자동,59,128
1419,경기도,고양시덕양구,삼송1동,58,129
1420,경기도,고양시덕양구,삼송2동,58,129
1421,경기도,고양시덕양구,창릉동,58,128
1422,경기도,고양시덕양구,고양동,59,130
1423,경기도,고양시덕양구,관산동,58,129
1424,경기도,고양시덕양구,능곡동,57,128
1425,경기도,고양시덕양구,화정1동,57,128
1426,경기도,고양시덕양구,화정2동,57,128
1427,경기도,고양시덕양구,행주동,57,128
1428,경기도,고양시덕양구,행신1동,57,128
1429,경기도,고양시덕양구,행신2동,57,128
1430,경기도,고양시덕양구,행신3동,57,128
1431,경기도,고양시덕양구,행신4동,58,128
1432,경기도,고양시덕양구,화전동,58,127
1433,경기도,고양시덕양구,대덕동,58,127
1434,경기도,고양시일산동구,식사동,57,129
1435,경기도,고양시일산동구,중산1동,56,129
1436,경기도,고양시일산동구,중산2동,56,129
1437,경기도,고양시일산동구,정발산동,56,129
1438,경기도,고양시일산동구,풍산동,57,129
1439,경기도,고양시일산동구,백석1동,57,128
1440,경기도,고양시일산동구,백석2동,57,128
1441,경기도,고양시일산동구,마두1동,57,129
1442,경기도,고양시일산동구,마두2동,56,128
1443,경기도,고양시일산동구,장항1동,56,128
1444,경기도,고양시일산동구,장항2동,56,128
1445,경기도,고양시일산동구,고봉동,57,130
1446,경기도,고양시일산서구,일산1동,56,129
1447,경기도,고양시일산서구,일산2동,56,129
1448,경기도,고양시일산서구,일산3동,56,129
1449,경기도,고양시일산동구,탄현1동,56,129
1450,경기도,고양시일산동구,탄현2동,56,130
1451,경기도,고양시일산서구,주엽1동,56,129
1452,경기도,고양시일산서구,주엽2동,56,129
1453,경기도,고양시일산서구,대화동,56,129
1454,경기도,고양시일산서구,송포동,56,129
1455,경기도,고양시일산동구,덕이동,56,129
1456,경기도,고양시일산동구,가좌동,55,129
1457,경기도,과천시,중앙동,60,124
1458,경기도,과천시,갈현동,60,123
1459,경기도,과천시,별양동,60,124
1460,경기도,과천시,부림동,60,124
1461,경기도,과천시,과천동,60,124
1462,경기도,과천시,문원동,60,124
1463,경기도,구리시,갈매동,62,128
1464,경기도,구리시,동구동,63,128
1465,경기도,구리시,인창동,63,128
1466,경기도,구리시,교문1동,62,127
1467,경기도,구리시,교문2동,63,127
1468,경기도,구리시,수택1동,63,127
1469,경기도,구리시,수택2동,63,127
1470,경기도,구리시,수택3동,63,127
1471,경기도,남양주시,와부읍,64,127
1472,경기도,남양주시,진접읍,63,130
1473,경기도,남양주시,화도읍,65,129
1474,경기도,남양주시,진건읍,63,129
1475,경기도,남양주시,오남읍,64,130
1476,경기도,남양주시,퇴계원읍,63,128
1477,경기도,남양주시,별내면,62,129
1478,경기도,남양주시,수동면,66,130
1479,경기도,남양주시,조안면,65,126
1480,경기도,남양주시,호평동,64,129
1481,경기도,남양주시,평내동,64,128
1482,경기도,남양주시,금곡동,64,128
1483,경기도,남양주시,양정동,63,128
1484,경기도,남양주시,다산1동,63,128
1485,경기도,남양주시,다산2동,63,128
1486,경기도,남양주시,별내동,62,128
1487,경기도,오산시,중앙동,62,118
1488,경기도,오산시,남촌동,61,118
1489,경기도,오산시,신장동,61,118
1490,경기도,오산시,세마동,61,118
1491,경기도,오산시,초평동,61,117
1492,경기도,오산시,대원동,62,117
1493,경기도,시흥시,대야동,57,124
1494,경기도,시흥시,신천동,57,124
1495,경기도,시흥시,신현동,57,123
1496,경기도,시흥시,은행동,57,124
1497,경기도,시흥시,매화동,57,123
1498,경기도,시흥시,목감동,58,123
1499,경기도,시흥시,군자동,57,122
1500,경기도,시흥시,월곶동,56,123
1501,경기도,시흥시,정왕본동,56,122
1502,경기도,시흥시,정왕1동,56,122
1503,경기도,시흥시,정왕2동,56,122
1504,경기도,시흥시,정왕3동,56,122
1505,경기도,시흥시,정왕4동,56,122
1506,경기도,시흥시,배곧1동,56,122
1507,경기도,시흥시,배곧2동,56,122
1508,경기도,시흥시,과림동,57,124
1509,경기도,시흥시,연성동,57,123
1510,경기도,시흥시,장곡동,57,123
1511,경기도,시흥시,능곡동,57,122
1512,경기도,군포시,군포1동,59,122
1513,경기도,군포시,군포2동,59,122
1514,경기도,군포시,산본1동,59,122
1515,경기도,군포시,산본2동,59,122
1516,경기도,군포시,금정동,59,122
1517,경기도,군포시,재궁동,59,122
1518,경기도,군포시,오금동,59,122
1519,경기도,군포시,수리동,59,122
1520,경기도,군포시,궁내동,59,122
1521,경기도,군포시,대야동,59,122
1522,경기도,군포시,광정동,59,122
1523,경기도,군포시,송부동,59,121
1524,경기도,의왕시,고천동,60,122
1525,경기도,의왕시,부곡동,60,121
1526,경기도,의왕시,오전동,60,122
1527,경기도,의왕시,내손1동,60,123
1528,경기도,의왕시,내손2동,60,123
1529,경기도,의왕시,청계동,60,123
1530,경기도,하남시,천현동,64,126
1531,경기도,하남시,신장1동,64,126
1532,경기도,하남시,신장2동,64,126
1533,경기도,하남시,덕풍1동,64,126
1534,경기도,하남시,덕풍2동,64,126
1535,경기도,하남시,덕풍3동,64,126
1536,경기도,하남시,풍산동,63,126
1537,경기도,하남시,감북동,63,126
1538,경기도,하남시,감일동,63,126
1539,경기도,하남시,위례동,63,125
1540,경기도,하남시,춘궁동,64,126
1541,경기도,하남시,초이동,63,126
1542,경기도,하남시,미사1동,64,127
1543,경기도,하남시,미사2동,63,127
1544,경기도,용인시처인구,포곡읍,64,120
1545,경기도,용인시처인구,모현읍,64,122
1546,경기도,용인시처인구,이동읍,64,117
1547,경기도,용인시처인구,남사읍,63,117
1548,경기도,용인시처인구,원삼면,66,118
1549,경기도,용인시처인구,백암면,67,118
1550,경기도,용인시처인구,양지면,65,120
1551,경기도,용인시처인구,중앙동,64,119
1552,경기도,용인시처인구,역북동,64,120
1553,경기도,용인시처인구,삼가동,63,120
1554,경기도,용인시처인구,유림동,64,120
1555,경기도,용인시처인구,동부동,64,119
1556,경기도,용인시기흥구,신갈동,62,120
1557,경기도,용인시기흥구,영덕1동,62,120
1558,경기도,용인시기흥구,영덕2동,62,120
1559,경기도,용인시기흥구,구갈동,63,120
1560,경기도,용인시기흥구,상갈동,62,120
1561,경기도,용인시기흥구,보라동,62,120
1562,경기도,용인시기흥구,기흥동,62,120
1563,경기도,용인시기흥구,서농동,62,120
1564,경기도,용인시기흥구,구성동,62,121
1565,경기도,용인시기흥구,마북동,62,121
1566,경기도,용인시기흥구,동백1동,63,120
1567,경기도,용인시기흥구,동백2동,63,120
1568,경기도,용인시기흥구,동백3동,63,121
1569,경기도,용인시기흥구,상하동,63,120
1570,경기도,용인시기흥구,보정동,62,121
1571,경기도,용인시수지구,풍덕천1동,62,121
1572,경기도,용인시수지구,풍덕천2동,62,121
1573,경기도,용인시수지구,신봉동,62,121
1574,경기도,용인시수지구,죽전1동,62,122
1575,경기도,용인시수지구,죽전2동,62,122
1576,경기도,용인시수지구,죽전3동,62,122
1577,경기도,용인시수지구,동천동,62,122
1578,경기도,용인시수지구,상현1동,62,121
1579,경기도,용인시수지구,상현2동,62,121
1580,경기도,용인시수지구,상현3동,62,121
1581,경기도,용인시수지구,성복동,62,121
1582,경기도,파주시,문산읍,56,133
1583,경기도,파주시,파주읍,57,132
1584,경기도,파주시,법원읍,58,133
1585,경기도,파주시,조리읍,57,130
1586,경기도,파주시,월롱면,57,132
1587,경기도,파주시,탄현면,55,132
1588,경기도,파주시,광탄면,58,131
1589,경기도,파주시,파평면,57,134
1590,경기도,파주시,적성면,59,135
1591,경기도,파주시,장단면,55,133
1592,경기도,파주시,금촌1동,56,131
1593,경기도,파주시,금촌2동,56,131
1594,경기도,파주시,금촌3동,56,131
1595,경기도,파주시,교하동,56,131
1596,경기도,파주시,운정1동,56,130
1597,경기도,파주시,운정2동,56,130
1598,경기도,파주시,운정3동,56,130
1599,경기도,파주시,운정4동,56,130
1600,경기도,파주시,운정5동,55,130
1601,경기도,파주시,운정6동,55,130
1602,경기도,이천시,장호원읍,71,117
1603,경기도,이천시,부발읍,69,121
1604,경기도,이천시,신둔면,67,121
1605,경기도,이천시,백사면,69,122
1606,경기도,이천시,호법면,68,119
1607,경기도,이천시,마장면,66,120
1608,경기도,이천시,대월면,69,119
1609,경기도,이천시,모가면,69,118
1610,경기도,이천시,설성면,69,117
1611,경기도,이천시,율면,70,117
1612,경기도,이천시,창전동,68,121
1613,경기도,이천시,증포동,68,121
1614,경기도,이천시,중리동,68,121
1615,경기도,이천시,관고동,68,121
1616,경기도,안성시,공도읍,63,114
1617,경기도,안성시,보개면,65,115
1618,경기도,안성시,금광면,66,114
1619,경기도,안성시,서운면,65,113
1620,경기도,안성시,미양면,64,114
1621,경기도,안성시,대덕면,64,115
1622,경기도,안성시,양성면,64,116
1623,경기도,안성시,원곡면,63,115
1624,경기도,안성시,일죽면,69,116
1625,경기도,안성시,죽산면,68,116
1626,경기도,안성시,삼죽면,67,116
1627,경기도,안성시,고삼면,65,116
1628,경기도,안성시,안성1동,65,115
1629,경기도,안성시,안성2동,65,114
1630,경기도,안성시,안성3동,65,115
1631,경기도,김포시,통진읍,53,129
1632,경기도,김포시,고촌읍,56,127
1633,경기도,김포시,양촌읍,54,129
1634,경기도,김포시,대곶면,53,128
1635,경기도,김포시,월곶면,53,130
1636,경기도,김포시,하성면,54,130
1637,경기도,김포시,김포본동,55,128
1638,경기도,김포시,장기본동,55,128
1639,경기도,김포시,사우동,55,128
1640,경기도,김포시,풍무동,55,127
1641,경기도,김포시,장기동,55,128
1642,경기도,김포시,구래동,54,128
1643,경기도,김포시,마산동,54,128
1644,경기도,김포시,운양동,55,129
1645,경기도,화성시,봉담읍,59,119
1646,경기도,화성시,우정읍,57,116
1647,경기도,화성시,향남읍,59,117
1648,경기도,화성시,남양읍,57,119
1649,경기도,화성시,매송면,59,120
1650,경기도,화성시,비봉면,58,119
1651,경기도,화성시,마도면,56,119
1652,경기도,화성시,송산면,56,119
1653,경기도,화성시,서신면,55,118
1654,경기도,화성시,팔탄면,59,118
1655,경기도,화성시,장안면,57,116
1656,경기도,화성시,양감면,59,116
1657,경기도,화성시,정남면,60,118
1658,경기도,화성시,새솔동,57,121
1659,경기도,화성시,진안동,61,119
1660,경기도,화성시,병점1동,61,119
1661,경기도,화성시,병점2동,61,119
1662,경기도,화성시,반월동,61,119
1663,경기도,화성시,기배동,60,119
1664,경기도,화성시,화산동,61,119
1665,경기도,화성시,동탄1동,62,119
1666,경기도,화성시,동탄2동,62,119
1667,경기도,화성시,동탄3동,61,119
1668,경기도,화성시,동탄4동,62,119
1669,경기도,화성시,동탄5동,62,119
1670,경기도,화성시,동탄6동,62,118
1671,경기도,화성시,동탄7동,62,118
1672,경기도,화성시,동탄8동,62,118
1673,경기도,광주시,초월읍,65,123
1674,경기도,광주시,곤지암읍,66,122
1675,경기도,광주시,도척면,66,121
1676,경기도,광주시,퇴촌면,66,125
1677,경기도,광주시,남종면,65,125
1678,경기도,광주시,남한산성면,64,124
1679,경기도,광주시,경안동,65,123
1680,경기도,광주시,송정동,65,124
1681,경기도,광주시,쌍령동,65,123
1682,경기도,광주시,탄벌동,64,124
1683,경기도,광주시,광남1동,64,123
1684,경기도,광주시,광남2동,64,123
1685,경기도,광주시,오포1동,64,122
1686,경기도,광주시,오포2동,65,123
1687,경기도,광주시,신현동,63,122
1688,경기도,광주시,능평동,63,122
1689,경기도,양주시,백석읍,60,132
1690,경기도,양주시,은현면,61,133
1691,경기도,양주시,남면,60,134
1692,경기도,양주시,광적면,60,132
1693,경기도,양주시,장흥면,59,130
1694,경기도,양주시,양주1동,61,131
1695,경기도,양주시,양주2동,62,132
1696,경기도,양주시,회천1동,61,133
1697,경기도,양주시,회천2동,61,132
1698,경기도,양주시,회천3동,61,133
1699,경기도,양주시,회천4동,62,132
1700,경기도,포천시,소흘읍,63,132
1701,경기도,포천시,군내면,64,134
1702,경기도,포천시,내촌면,64,131
1703,경기도,포천시,가산면,63,133
1704,경기도,포천시,신북면,64,135
1705,경기도,포천시,창수면,63,136
1706,경기도,포천시,영중면,64,136
1707,경기도,포천시,일동면,66,135
1708,경기도,포천시,이동면,66,137
1709,경기도,포천시,영북면,65,138
1710,경기도,포천시,관인면,64,140
1711,경기도,포천시,화현면,65,134
1712,경기도,포천시,포천동,64,134
1713,경기도,포천시,선단동,63,133
1714,경기도,여주시,가남읍,70,119
1715,경기도,여주시,점동면,72,119
1716,경기도,여주시,흥천면,70,122
1717,경기도,여주시,금사면,69,123
1718,경기도,여주시,세종대왕면,70,121
1719,경기도,여주시,대신면,70,123
1720,경기도,여주시,북내면,72,122
1721,경기도,여주시,강천면,73,120
1722,경기도,여주시,산북면,68,123
1723,경기도,여주시,여흥동,71,121
1724,경기도,여주시,중앙동,71,121
1725,경기도,여주시,오학동,71,121
1726,경기도,연천군,연천읍,61,138
1727,경기도,연천군,전곡읍,61,137
1728,경기도,연천군,군남면,60,138
1729,경기도,연천군,청산면,61,136
1730,경기도,연천군,백학면,59,137
1731,경기도,연천군,미산면,60,137
1732,경기도,연천군,왕징면,60,137
1733,경기도,연천군,신서면,62,140
1734,경기도,연천군,중면,60,139
1735,경기도,연천군,장남면,58,136
1736,경기도,가평군,가평읍,69,132
1737,경기도,가평군,설악면,69,129
1738,경기도,가평군,청평면,67,131
1739,경기도,가평군,상면,66,132
1740,경기도,가평군,조종면,66,132
1741,경기도,가평군,북면,70,134
1742,경기도,양평군,양평읍,69,125
1743,경기도,양평군,강상면,69,125
1744,경기도,양평군,강하면,67,125
1745,경기도,양평군,양서면,66,126
1746,경기도,양평군,옥천면,68,126
1747,경기도,양평군,서종면,66,128
1748,경기도,양평군,단월면,72,126
1749,경기도,양평군,청운면,72,127
1750,경기도,양평군,양동면,73,124
1751,경기도,양평군,지평면,71,125
1752,경기도,양평군,용문면,70,125
1753,경기도,양평군,개군면,70,124
1754,충청북도,청주시상당구,낭성면,71,106
1755,충청북도,청주시상당구,미원면,72,107
1756,충청북도,청주시상당구,가덕면,70,105
1757,충청북도,청주시상당구,남일면,69,106
1758,충청북도,청주시상당구,문의면,69,104
1759,충청북도,청주시상당구,중앙동,69,107
1760,충청북도,청주시상당구,성안동,69,107
1761,충청북도,청주시상당구,탑대성동,69,107
1762,충청북도,청주시상당구,영운동,69,106
1763,충청북도,청주시상당구,금천동,69,106
1764,충청북도,청주시상당구,용담.명암.산성동,69,107
1765,충청북도,청주시상당구,용암1동,69,106
1766,충청북도,청주시상당구,용암2동,69,106
1767,충청북도,청주시서원구,남이면,68,105
1768,충청북도,청주시서원구,현도면,68,103
1769,충청북도,청주시서원구,사직1동,69,107
1770,충청북도,청주시서원구,사직2동,69,106
1771,충청북도,청주시서원구,사창동,68,107
1772,충청북도,청주시서원구,모충동,69,106
1773,충청북도,청주시서원구,산남동,69,106
1774,충청북도,청주시서원구,분평동,69,106
1775,충청북도,청주시서원구,수곡1동,69,106
1776,충청북도,청주시서원구,수곡2동,69,106
1777,충청북도,청주시서원구,성화.개신.죽림동,68,106
1778,충청북도,청주시흥덕구,오송읍,66,106
1779,충청북도,청주시흥덕구,강내면,67,106
1780,충청북도,청주시흥덕구,옥산면,67,107
1781,충청북도,청주시흥덕구,운천.신봉동,69,107
1782,충청북도,청주시흥덕구,복대1동,68,107
1783,충청북도,청주시흥덕구,복대2동,68,106
1784,충청북도,청주시흥덕구,가경동,68,106
1785,충청북도,청주시흥덕구,봉명1동,68,107
1786,충청북도,청주시흥덕구,봉명2.송정동,68,107
1787,충청북도,청주시흥덕구,강서제1동,68,106
1788,충청북도,청주시흥덕구,강서제2동,68,107
1789,충청북도,청주시청원구,내수읍,70,109
1790,충청북도,청주시청원구,오창읍,68,109
1791,충청북도,청주시청원구,북이면,70,109
1792,충청북도,청주시청원구,우암동,69,107
1793,충청북도,청주시청원구,내덕1동,69,107
1794,충청북도,청주시청원구,내덕2동,69,107
1795,충청북도,청주시청원구,율량.사천동,69,107
1796,충청북도,청주시청원구,오근장동,69,108
1797,충청북도,충주시,주덕읍,74,114
1798,충청북도,충주시,살미면,77,113
1799,충청북도,충주시,수안보면,78,111
1800,충청북도,충주시,대소원면,75,114
1801,충청북도,충주시,신니면,73,114
1802,충청북도,충주시,노은면,73,116
1803,충청북도,충주시,앙성면,73,117
1804,충청북도,충주시,중앙탑면,75,115
1805,충청북도,충주시,금가면,76,116
1806,충청북도,충주시,동량면,77,115
1807,충청북도,충주시,산척면,77,116
1808,충청북도,충주시,엄정면,76,117
1809,충청북도,충주시,소태면,75,117
1810,충청북도,충주시,성내.충인동,77,114
1811,충청북도,충주시,교현.안림동,77,114
1812,충청북도,충주시,교현2동,76,114
1813,충청북도,충주시,용산동,77,114
1814,충청북도,충주시,지현동,77,114
1815,충청북도,충주시,문화동,76,114
1816,충청북도,충주시,호암.직동,77,114
1817,충청북도,충주시,달천동,76,114
1818,충청북도,충주시,봉방동,76,114
1819,충청북도,충주시,칠금.금릉동,76,114
1820,충청북도,충주시,연수동,77,114
1821,충청북도,충주시,목행.용탄동,76,115
1822,충청북도,제천시,봉양읍,80,118
1823,충청북도,제천시,금성면,81,116
1824,충청북도,제천시,청풍면,81,115
1825,충청북도,제천시,수산면,81,113
1826,충청북도,제천시,덕산면,81,113
1827,충청북도,제천시,한수면,79,112
1828,충청북도,제천시,백운면,78,118
1829,충청북도,제천시,송학면,82,119
1830,충청북도,제천시,교동,81,118
1831,충청북도,제천시,의림지동,81,118
1832,충청북도,제천시,중앙동,81,118
1833,충청북도,제천시,남현동,81,118
1834,충청북도,제천시,영서동,81,118
1835,충청북도,제천시,용두동,81,118
1836,충청북도,제천시,신백동,82,118
1837,충청북도,제천시,청전동,81,118
1838,충청북도,제천시,화산동,81,118
1839,충청북도,보은군,보은읍,73,103
1840,충청북도,보은군,속리산면,75,104
1841,충청북도,보은군,장안면,74,103
1842,충청북도,보은군,마로면,75,102
1843,충청북도,보은군,탄부면,74,102
1844,충청북도,보은군,삼승면,73,101
1845,충청북도,보은군,수한면,73,103
1846,충청북도,보은군,회남면,71,102
1847,충청북도,보은군,회인면,71,104
1848,충청북도,보은군,내북면,72,105
1849,충청북도,보은군,산외면,73,105
1850,충청북도,옥천군,옥천읍,71,99
1851,충청북도,옥천군,동이면,71,99
1852,충청북도,옥천군,안남면,72,101
1853,충청북도,옥천군,안내면,72,101
1854,충청북도,옥천군,청성면,74,100
1855,충청북도,옥천군,청산면,74,100
1856,충청북도,옥천군,이원면,71,98
1857,충청북도,옥천군,군서면,70,99
1858,충청북도,옥천군,군북면,70,100
1859,충청북도,영동군,영동읍,74,97
1860,충청북도,영동군,용산면,75,99
1861,충청북도,영동군,황간면,77,98
1862,충청북도,영동군,추풍령면,78,98
1863,충청북도,영동군,매곡면,77,97
1864,충청북도,영동군,상촌면,77,96
1865,충청북도,영동군,양강면,74,96
1866,충청북도,영동군,용화면,74,93
1867,충청북도,영동군,학산면,73,95
1868,충청북도,영동군,양산면,72,95
1869,충청북도,영동군,심천면,73,98
1870,충청북도,증평군,증평읍,71,110
1871,충청북도,증평군,도안면,71,110
1872,충청북도,진천군,진천읍,68,111
1873,충청북도,진천군,덕산읍,69,113
1874,충청북도,진천군,초평면,70,111
1875,충청북도,진천군,문백면,68,110
1876,충청북도,진천군,백곡면,67,112
1877,충청북도,진천군,이월면,68,113
1878,충청북도,진천군,광혜원면,68,114
1879,충청북도,괴산군,괴산읍,74,111
1880,충청북도,괴산군,감물면,76,111
1881,충청북도,괴산군,장연면,77,111
1882,충청북도,괴산군,연풍면,78,110
1883,충청북도,괴산군,칠성면,75,110
1884,충청북도,괴산군,문광면,74,110
1885,충청북도,괴산군,청천면,73,107
1886,충청북도,괴산군,청안면,72,110
1887,충청북도,괴산군,사리면,72,111
1888,충청북도,괴산군,소수면,73,111
1889,충청북도,괴산군,불정면,75,112
1890,충청북도,음성군,음성읍,72,113
1891,충청북도,음성군,금왕읍,71,114
1892,충청북도,음성군,소이면,74,113
1893,충청북도,음성군,원남면,72,112
1894,충청북도,음성군,맹동면,70,113
1895,충청북도,음성군,대소면,69,114
1896,충청북도,음성군,삼성면,69,115
1897,충청북도,음성군,생극면,71,115
1898,충청북도,음성군,감곡면,71,117
1899,충청북도,단양군,단양읍,84,115
1900,충청북도,단양군,매포읍,83,116
1901,충청북도,단양군,대강면,84,113
1902,충청북도,단양군,가곡면,84,115
1903,충청북도,단양군,영춘면,86,117
1904,충청북도,단양군,어상천면,84,117
1905,충청북도,단양군,적성면,83,114
1906,충청북도,단양군,단성면,83,113
1907,충청남도,천안시동남구,목천읍,65,110
1908,충청남도,천안시동남구,풍세면,63,108
1909,충청남도,천안시동남구,광덕면,62,108
1910,충청남도,천안시동남구,북면,65,111
1911,충청남도,천안시동남구,성남면,65,109
1912,충청남도,천안시동남구,수신면,65,109
1913,충청남도,천안시동남구,병천면,66,109
1914,충청남도,천안시동남구,동면,66,110
1915,충청남도,천안시동남구,중앙동,63,110
1916,충청남도,천안시동남구,문성동,63,110
1917,충청남도,천안시동남구,원성1동,63,110
1918,충청남도,천안시동남구,원성2동,63,110
1919,충청남도,천안시동남구,봉명동,63,110
1920,충청남도,천안시동남구,일봉동,63,110
1921,충청남도,천안시동남구,신방동,63,110
1922,충청남도,천안시동남구,청룡동,63,110
1923,충청남도,천안시동남구,신안동,63,110
1924,충청남도,천안시서북구,성환읍,63,113
1925,충청남도,천안시서북구,성거읍,64,112
1926,충청남도,천안시서북구,직산읍,63,112
1927,충청남도,천안시서북구,입장면,64,113
1928,충청남도,천안시서북구,성정1동,63,110
1929,충청남도,천안시서북구,성정2동,63,111
1930,충청남도,천안시서북구,쌍용1동,63,110
1931,충청남도,천안시서북구,쌍용2동,63,110
1932,충청남도,천안시서북구,쌍용3동,63,110
1933,충청남도,천안시서북구,백석동,62,110
1934,충청남도,천안시서북구,불당1동,62,110
1935,충청남도,천안시서북구,불당2동,62,110
1936,충청남도,천안시서북구,부성1동,63,111
1937,충청남도,천안시서북구,부성2동,63,111
1938,충청남도,공주시,유구읍,60,105
1939,충청남도,공주시,이인면,62,101
1940,충청남도,공주시,탄천면,61,100
1941,충청남도,공주시,계룡면,63,100
1942,충청남도,공주시,반포면,65,101
1943,충청남도,공주시,의당면,63,104
1944,충청남도,공주시,정안면,63,106
1945,충청남도,공주시,우성면,61,103
1946,충청남도,공주시,사곡면,61,104
1947,충청남도,공주시,신풍면,60,104
1948,충청남도,공주시,중학동,63,102
1949,충청남도,공주시,웅진동,63,103
1950,충청남도,공주시,금학동,63,102
1951,충청남도,공주시,옥룡동,63,103
1952,충청남도,공주시,신관동,63,103
1953,충청남도,공주시,월송동,63,103
1954,충청남도,보령시,웅천읍,54,98
1955,충청남도,보령시,주포면,53,102
1956,충청남도,보령시,오천면,52,102
1957,충청남도,보령시,천북면,52,103
1958,충청남도,보령시,청소면,53,102
1959,충청남도,보령시,청라면,55,101
1960,충청남도,보령시,남포면,54,99
1961,충청남도,보령시,주산면,54,97
1962,충청남도,보령시,미산면,55,97
1963,충청남도,보령시,성주면,54,100
1964,충청남도,보령시,주교면,53,101
1965,충청남도,보령시,대천1동,53,100
1966,충청남도,보령시,대천2동,53,100
1967,충청남도,보령시,대천3동,54,100
1968,충청남도,보령시,대천4동,54,100
1969,충청남도,보령시,대천5동,52,99
1970,충청남도,아산시,염치읍,60,110
1971,충청남도,아산시,배방읍,62,110
1972,충청남도,아산시,송악면,61,109
1973,충청남도,아산시,탕정면,61,110
1974,충청남도,아산시,음봉면,61,111
1975,충청남도,아산시,둔포면,61,113
1976,충청남도,아산시,영인면,60,111
1977,충청남도,아산시,인주면,58,111
1978,충청남도,아산시,선장면,58,110
1979,충청남도,아산시,도고면,58,109
1980,충청남도,아산시,신창면,59,110
1981,충청남도,아산시,온양1동,60,110
1982,충청남도,아산시,온양2동,60,110
1983,충청남도,아산시,온양3동,61,110
1984,충청남도,아산시,온양4동,60,110
1985,충청남도,아산시,온양5동,60,109
1986,충청남도,아산시,온양6동,61,109
1987,충청남도,서산시,대산읍,51,113
1988,충청남도,서산시,인지면,50,109
1989,충청남도,서산시,부석면,50,108
1990,충청남도,서산시,팔봉면,49,110
1991,충청남도,서산시,지곡면,51,111
1992,충청남도,서산시,성연면,51,111
1993,충청남도,서산시,음암면,52,110
1994,충청남도,서산시,운산면,53,110
1995,충청남도,서산시,해미면,53,108
1996,충청남도,서산시,고북면,52,107
1997,충청남도,서산시,부춘동,51,110
1998,충청남도,서산시,동문1동,51,110
1999,충청남도,서산시,동문2동,51,110
2000,충청남도,서산시,수석동,51,109
2001,충청남도,서산시,석남동,51,109
2002,충청남도,논산시,강경읍,61,96
2003,충청남도,논산시,연무읍,62,95
2004,충청남도,논산시,성동면,61,97
2005,충청남도,논산시,광석면,62,98
2006,충청남도,논산시,노성면,63,99
2007,충청남도,논산시,상월면,63,99
2008,충청남도,논산시,부적면,63,97
2009,충청남도,논산시,연산면,64,97
2010,충청남도,논산시,벌곡면,65,97
2011,충청남도,논산시,양촌면,65,96
2012,충청남도,논산시,가야곡면,63,96
2013,충청남도,논산시,은진면,62,96
2014,충청남도,논산시,채운면,62,96
2015,충청남도,논산시,취암동,62,97
2016,충청남도,논산시,부창동,62,97
2017,충청남도,계룡시,두마면,65,98
2018,충청남도,계룡시,엄사면,65,99
2019,충청남도,계룡시,신도안면,65,99
2020,충청남도,계룡시,금암동,65,99
2021,충청남도,당진시,합덕읍,56,110
2022,충청남도,당진시,송악읍,55,112
2023,충청남도,당진시,고대면,53,113
2024,충청남도,당진시,석문면,53,114
2025,충청남도,당진시,대호지면,52,112
2026,충청남도,당진시,정미면,53,112
2027,충청남도,당진시,면천면,55,110
2028,충청남도,당진시,순성면,55,111
2029,충청남도,당진시,우강면,57,110
2030,충청남도,당진시,신평면,56,112
2031,충청남도,당진시,송산면,55,113
2032,충청남도,당진시,당진1동,54,112
2033,충청남도,당진시,당진2동,54,112
2034,충청남도,당진시,당진3동,54,112
2035,충청남도,금산군,금산읍,69,95
2036,충청남도,금산군,금성면,69,96
2037,충청남도,금산군,제원면,70,95
2038,충청남도,금산군,부리면,70,94
2039,충청남도,금산군,군북면,70,96
2040,충청남도,금산군,남일면,70,94
2041,충청남도,금산군,남이면,68,94
2042,충청남도,금산군,진산면,67,96
2043,충청남도,금산군,복수면,68,96
2044,충청남도,금산군,추부면,69,97
2045,충청남도,부여군,부여읍,59,99
2046,충청남도,부여군,규암면,59,99
2047,충청남도,부여군,은산면,58,99
2048,충청남도,부여군,외산면,55,99
2049,충청남도,부여군,내산면,57,99
2050,충청남도,부여군,구룡면,57,98
2051,충청남도,부여군,홍산면,56,97
2052,충청남도,부여군,옥산면,56,97
2053,충청남도,부여군,남면,57,97
2054,충청남도,부여군,충화면,57,97
2055,충청남도,부여군,양화면,59,96
2056,충청남도,부여군,임천면,59,97
2057,충청남도,부여군,장암면,59,98
2058,충청남도,부여군,세도면,60,96
2059,충청남도,부여군,석성면,61,98
2060,충청남도,부여군,초촌면,61,98
2061,충청남도,서천군,장항읍,55,93
2062,충청남도,서천군,서천읍,55,94
2063,충청남도,서천군,마서면,55,94
2064,충청남도,서천군,화양면,57,93
2065,충청남도,서천군,기산면,56,94
2066,충청남도,서천군,한산면,57,94
2067,충청남도,서천군,마산면,57,95
2068,충청남도,서천군,시초면,56,95
2069,충청남도,서천군,문산면,56,96
2070,충청남도,서천군,판교면,55,96
2071,충청남도,서천군,종천면,55,95
2072,충청남도,서천군,비인면,54,96
2073,충청남도,서천군,서면,53,96
2074,충청남도,청양군,청양읍,57,102
2075,충청남도,청양군,운곡면,58,104
2076,충청남도,청양군,대치면,58,102
2077,충청남도,청양군,정산면,60,102
2078,충청남도,청양군,목면,61,102
2079,충청남도,청양군,청남면,60,100
2080,충청남도,청양군,장평면,59,100
2081,충청남도,청양군,남양면,57,101
2082,충청남도,청양군,화성면,56,102
2083,충청남도,청양군,비봉면,57,104
2084,충청남도,홍성군,홍성읍,55,106
2085,충청남도,홍성군,광천읍,54,104
2086,충청남도,홍성군,홍북읍,55,107
2087,충청남도,홍성군,금마면,56,106
2088,충청남도,홍성군,홍동면,55,105
2089,충청남도,홍성군,장곡면,55,104
2090,충청남도,홍성군,은하면,53,104
2091,충청남도,홍성군,결성면,53,104
2092,충청남도,홍성군,서부면,52,105
2093,충청남도,홍성군,갈산면,53,106
2094,충청남도,홍성군,구항면,54,105
2095,충청남도,예산군,예산읍,58,107
2096,충청남도,예산군,삽교읍,56,108
2097,충청남도,예산군,대술면,59,107
2098,충청남도,예산군,신양면,58,106
2099,충청남도,예산군,광시면,57,105
2100,충청남도,예산군,대흥면,57,106
2101,충청남도,예산군,응봉면,56,107
2102,충청남도,예산군,덕산면,55,108
2103,충청남도,예산군,봉산면,55,109
2104,충청남도,예산군,고덕면,56,109
2105,충청남도,예산군,신암면,57,109
2106,충청남도,예산군,오가면,57,108
2107,충청남도,태안군,태안읍,48,109
2108,충청남도,태안군,안면읍,49,104
2109,충청남도,태안군,고남면,50,102
2110,충청남도,태안군,남면,48,107
2111,충청남도,태안군,근흥면,47,108
2112,충청남도,태안군,소원면,46,109
2113,충청남도,태안군,원북면,48,110
2114,충청남도,태안군,이원면,48,111
2115,전라북도,전주시완산구,중앙동,63,89
2116,전라북도,전주시완산구,풍남동,63,89
2117,전라북도,전주시완산구,노송동,63,89
2118,전라북도,전주시완산구,완산동,63,88
2119,전라북도,전주시완산구,동서학동,63,89
2120,전라북도,전주시완산구,서서학동,63,88
2121,전라북도,전주시완산구,중화산1동,63,89
2122,전라북도,전주시완산구,중화산2동,63,89
2123,전라북도,전주시완산구,서신동,63,89
2124,전라북도,전주시완산구,평화1동,63,88
2125,전라북도,전주시완산구,평화2동,63,88
2126,전라북도,전주시완산구,삼천1동,63,88
2127,전라북도,전주시완산구,삼천2동,63,88
2128,전라북도,전주시완산구,삼천3동,63,88
2129,전라북도,전주시완산구,효자1동,63,88
2130,전라북도,전주시완산구,효자2동,63,88
2131,전라북도,전주시완산구,효자3동,63,88
2132,전라북도,전주시완산구,효자4동,62,89
2133,전라북도,전주시완산구,효자5동,63,89
2134,전라북도,전주시덕진구,진북동,63,89
2135,전라북도,전주시덕진구,인후1동,63,89
2136,전라북도,전주시덕진구,인후2동,63,89
2137,전라북도,전주시덕진구,인후3동,64,89
2138,전라북도,전주시덕진구,덕진동,63,89
2139,전라북도,전주시덕진구,금암1동,63,89
2140,전라북도,전주시덕진구,금암2동,63,89
2141,전라북도,전주시덕진구,팔복동,63,89
2142,전라북도,전주시덕진구,우아1동,64,89
2143,전라북도,전주시덕진구,우아2동,64,89
2144,전라북도,전주시덕진구,호성동,63,90
2145,전라북도,전주시덕진구,송천1동,63,90
2146,전라북도,전주시덕진구,송천2동,63,90
2147,전라북도,전주시덕진구,조촌동,62,90
2148,전라북도,전주시덕진구,여의동,62,90
2149,전라북도,전주시덕진구,혁신동,62,89
2150,전라북도,군산시,옥구읍,55,91
2151,전라북도,군산시,옥산면,56,91
2152,전라북도,군산시,회현면,56,91
2153,전라북도,군산시,임피면,58,92
2154,전라북도,군산시,서수면,58,92
2155,전라북도,군산시,대야면,57,91
2156,전라북도,군산시,개정면,57,92
2157,전라북도,군산시,성산면,57,92
2158,전라북도,군산시,나포면,58,93
2159,전라북도,군산시,옥도면,43,95
2160,전라북도,군산시,옥서면,54,91
2161,전라북도,군산시,해신동,55,92
2162,전라북도,군산시,월명동,56,92
2163,전라북도,군산시,신풍동,55,92
2164,전라북도,군산시,삼학동,56,92
2165,전라북도,군산시,중앙동,56,92
2166,전라북도,군산시,흥남동,56,92
2167,전라북도,군산시,조촌동,56,92
2168,전라북도,군산시,경암동,56,92
2169,전라북도,군산시,구암동,56,92
2170,전라북도,군산시,개정동,56,92
2171,전라북도,군산시,수송동,56,92
2172,전라북도,군산시,나운1동,55,92
2173,전라북도,군산시,나운2동,55,92
2174,전라북도,군산시,나운3동,55,92
2175,전라북도,군산시,소룡동,55,92
2176,전라북도,군산시,미성동,55,92
2177,전라북도,익산시,함열읍,60,94
2178,전라북도,익산시,오산면,59,91
2179,전라북도,익산시,황등면,60,93
2180,전라북도,익산시,함라면,59,94
2181,전라북도,익산시,웅포면,58,94
2182,전라북도,익산시,성당면,59,95
2183,전라북도,익산시,용안면,60,95
2184,전라북도,익산시,낭산면,61,94
2185,전라북도,익산시,망성면,61,96
2186,전라북도,익산시,여산면,62,94
2187,전라북도,익산시,금마면,62,92
2188,전라북도,익산시,왕궁면,62,92
2189,전라북도,익산시,춘포면,61,90
2190,전라북도,익산시,삼기면,60,93
2191,전라북도,익산시,용동면,60,95
2192,전라북도,익산시,중앙동,60,91
2193,전라북도,익산시,평화동,60,91
2194,전라북도,익산시,인화동,60,91
2195,전라북도,익산시,동산동,60,91
2196,전라북도,익산시,마동,60,91
2197,전라북도,익산시,남중동,60,92
2198,전라북도,익산시,모현동,60,91
2199,전라북도,익산시,송학동,60,91
2200,전라북도,익산시,영등1동,60,92
2201,전라북도,익산시,영등2동,60,92
2202,전라북도,익산시,어양동,60,92
2203,전라북도,익산시,신동,60,92
2204,전라북도,익산시,팔봉동,61,92
2205,전라북도,익산시,삼성동,60,92
2206,전라북도,정읍시,신태인읍,59,86
2207,전라북도,정읍시,북면,59,84
2208,전라북도,정읍시,입암면,57,82
2209,전라북도,정읍시,소성면,57,83
2210,전라북도,정읍시,고부면,57,84
2211,전라북도,정읍시,영원면,57,85
2212,전라북도,정읍시,덕천면,58,84
2213,전라북도,정읍시,이평면,58,85
2214,전라북도,정읍시,정우면,59,85
2215,전라북도,정읍시,태인면,60,85
2216,전라북도,정읍시,감곡면,59,86
2217,전라북도,정읍시,옹동면,60,85
2218,전라북도,정읍시,칠보면,61,84
2219,전라북도,정읍시,산내면,61,83
2220,전라북도,정읍시,산외면,61,84
2221,전라북도,정읍시,수성동,58,83
2222,전라북도,정읍시,장명동,58,83
2223,전라북도,정읍시,내장상동,58,83
2224,전라북도,정읍시,시기동,58,83
2225,전라북도,정읍시,초산동,58,83
2226,전라북도,정읍시,연지동,58,83
2227,전라북도,정읍시,농소동,58,84
2228,전라북도,정읍시,상교동,58,83
2229,전라북도,남원시,운봉읍,70,81
2230,전라북도,남원시,주천면,69,79
2231,전라북도,남원시,수지면,67,78
2232,전라북도,남원시,송동면,67,79
2233,전라북도,남원시,주생면,67,79
2234,전라북도,남원시,금지면,66,79
2235,전라북도,남원시,대강면,65,78
2236,전라북도,남원시,대산면,67,80
2237,전라북도,남원시,사매면,67,82
2238,전라북도,남원시,덕과면,67,82
2239,전라북도,남원시,보절면,68,82
2240,전라북도,남원시,산동면,69,82
2241,전라북도,남원시,이백면,69,80
2242,전라북도,남원시,아영면,72,82
2243,전라북도,남원시,산내면,72,80
2244,전라북도,남원시,인월면,71,81
2245,전라북도,남원시,동충동,68,80
2246,전라북도,남원시,죽항동,68,80
2247,전라북도,남원시,노암동,68,80
2248,전라북도,남원시,금동,67,80
2249,전라북도,남원시,왕정동,67,80
2250,전라북도,남원시,향교동,68,80
2251,전라북도,남원시,도통동,68,80
2252,전라북도,김제시,만경읍,58,89
2253,전라북도,김제시,죽산면,57,88
2254,전라북도,김제시,백산면,59,89
2255,전라북도,김제시,용지면,60,89
2256,전라북도,김제시,백구면,60,90
2257,전라북도,김제시,부량면,58,87
2258,전라북도,김제시,공덕면,59,90
2259,전라북도,김제시,청하면,58,90
2260,전라북도,김제시,성덕면,57,89
2261,전라북도,김제시,진봉면,57,90
2262,전라북도,김제시,금구면,61,88
2263,전라북도,김제시,봉남면,60,87
2264,전라북도,김제시,황산면,60,88
2265,전라북도,김제시,금산면,61,86
2266,전라북도,김제시,광활면,56,89
2267,전라북도,김제시,요촌동,59,88
2268,전라북도,김제시,신풍동,59,88
2269,전라북도,김제시,검산동,59,88
2270,전라북도,김제시,교월동,59,88
2271,전라북도,완주군,삼례읍,62,91
2272,전라북도,완주군,봉동읍,64,91
2273,전라북도,완주군,용진읍,63,90
2274,전라북도,완주군,상관면,64,88
2275,전라북도,완주군,이서면,61,89
2276,전라북도,완주군,소양면,65,90
2277,전라북도,완주군,구이면,63,87
2278,전라북도,완주군,고산면,64,92
2279,전라북도,완주군,비봉면,63,93
2280,전라북도,완주군,운주면,66,95
2281,전라북도,완주군,화산면,64,93
2282,전라북도,완주군,동상면,66,91
2283,전라북도,완주군,경천면,65,93
2284,전라북도,진안군,진안읍,68,88
2285,전라북도,진안군,용담면,70,92
2286,전라북도,진안군,안천면,70,91
2287,전라북도,진안군,동향면,71,89
2288,전라북도,진안군,상전면,69,89
2289,전라북도,진안군,백운면,68,86
2290,전라북도,진안군,성수면,66,86
2291,전라북도,진안군,마령면,67,87
2292,전라북도,진안군,부귀면,67,89
2293,전라북도,진안군,정천면,68,90
2294,전라북도,진안군,주천면,68,92
2295,전라북도,무주군,무주읍,72,93
2296,전라북도,무주군,무풍면,76,92
2297,전라북도,무주군,설천면,75,93
2298,전라북도,무주군,적상면,72,92
2299,전라북도,무주군,안성면,72,90
2300,전라북도,무주군,부남면,71,92
2301,전라북도,장수군,장수읍,70,85
2302,전라북도,장수군,산서면,68,84
2303,전라북도,장수군,번암면,70,83
2304,전라북도,장수군,장계면,71,87
2305,전라북도,장수군,천천면,70,87
2306,전라북도,장수군,계남면,71,86
2307,전라북도,장수군,계북면,72,88
2308,전라북도,임실군,임실읍,66,84
2309,전라북도,임실군,청웅면,64,83
2310,전라북도,임실군,운암면,63,85
2311,전라북도,임실군,신평면,65,85
2312,전라북도,임실군,성수면,67,85
2313,전라북도,임실군,오수면,67,83
2314,전라북도,임실군,신덕면,64,86
2315,전라북도,임실군,삼계면,66,82
2316,전라북도,임실군,관촌면,66,86
2317,전라북도,임실군,강진면,64,82
2318,전라북도,임실군,덕치면,64,82
2319,전라북도,임실군,지사면,67,83
2320,전라북도,순창군,순창읍,63,79
2321,전라북도,순창군,인계면,63,80
2322,전라북도,순창군,동계면,65,81
2323,전라북도,순창군,풍산면,63,78
2324,전라북도,순창군,금과면,62,78
2325,전라북도,순창군,팔덕면,63,79
2326,전라북도,순창군,쌍치면,61,82
2327,전라북도,순창군,복흥면,60,80
2328,전라북도,순창군,적성면,65,80
2329,전라북도,순창군,유등면,64,79
2330,전라북도,순창군,구림면,63,81
2331,전라북도,고창군,고창읍,56,80
2332,전라북도,고창군,고수면,55,80
2333,전라북도,고창군,아산면,54,80
2334,전라북도,고창군,무장면,53,80
2335,전라북도,고창군,공음면,52,79
2336,전라북도,고창군,상하면,52,80
2337,전라북도,고창군,해리면,53,81
2338,전라북도,고창군,성송면,55,79
2339,전라북도,고창군,대산면,54,78
2340,전라북도,고창군,심원면,53,82
2341,전라북도,고창군,흥덕면,56,82
2342,전라북도,고창군,성내면,56,83
2343,전라북도,고창군,신림면,56,81
2344,전라북도,고창군,부안면,55,82
2345,전라북도,부안군,부안읍,56,87
2346,전라북도,부안군,주산면,56,85
2347,전라북도,부안군,동진면,56,87
2348,전라북도,부안군,행안면,56,87
2349,전라북도,부안군,계화면,55,87
2350,전라북도,부안군,보안면,55,84
2351,전라북도,부안군,변산면,52,85
2352,전라북도,부안군,진서면,54,84
2353,전라북도,부안군,백산면,57,86
2354,전라북도,부안군,상서면,55,86
2355,전라북도,부안군,하서면,55,86
2356,전라북도,부안군,줄포면,55,84
2357,전라북도,부안군,위도면,48,84
2358,전라남도,목포시,용당1동,50,66
2359,전라남도,목포시,용당2동,50,66
2360,전라남도,목포시,연동,50,66
2361,전라남도,목포시,산정동,50,67
2362,전라남도,목포시,연산동,50,67
2363,전라남도,목포시,원산동,50,67
2364,전라남도,목포시,대성동,50,66
2365,전라남도,목포시,목원동,50,66
2366,전라남도,목포시,동명동,50,66
2367,전라남도,목포시,삼학동,50,66
2368,전라남도,목포시,만호동,50,66
2369,전라남도,목포시,유달동,50,66
2370,전라남도,목포시,죽교동,50,66
2371,전라남도,목포시,북항동,50,67
2372,전라남도,목포시,용해동,50,67
2373,전라남도,목포시,이로동,50,66
2374,전라남도,목포시,상동,50,67
2375,전라남도,목포시,하당동,51,67
2376,전라남도,목포시,신흥동,51,66
2377,전라남도,목포시,삼향동,51,67
2378,전라남도,목포시,옥암동,51,67
2379,전라남도,목포시,부흥동,51,66
2380,전라남도,목포시,부주동,51,67
2381,전라남도,여수시,돌산읍,74,63
2382,전라남도,여수시,소라면,72,66
2383,전라남도,여수시,율촌면,71,68
2384,전라남도,여수시,화양면,72,65
2385,전라남도,여수시,남면,75,60
2386,전라남도,여수시,화정면,73,63
2387,전라남도,여수시,삼산면,67,50
2388,전라남도,여수시,동문동,74,65
2389,전라남도,여수시,한려동,74,65
2390,전라남도,여수시,중앙동,74,65
2391,전라남도,여수시,충무동,74,66
2392,전라남도,여수시,광림동,74,66
2393,전라남도,여수시,서강동,74,65
2394,전라남도,여수시,대교동,74,65
2395,전라남도,여수시,국동,74,65
2396,전라남도,여수시,월호동,74,65
2397,전라남도,여수시,여서동,74,66
2398,전라남도,여수시,문수동,74,66
2399,전라남도,여수시,미평동,74,66
2400,전라남도,여수시,둔덕동,73,66
2401,전라남도,여수시,만덕동,74,66
2402,전라남도,여수시,쌍봉동,73,66
2403,전라남도,여수시,시전동,73,66
2404,전라남도,여수시,여천동,73,66
2405,전라남도,여수시,주삼동,73,66
2406,전라남도,여수시,삼일동,73,67
2407,전라남도,여수시,묘도동,74,68
2408,전라남도,순천시,승주읍,68,71
2409,전라남도,순천시,해룡면,71,69
2410,전라남도,순천시,서면,70,71
2411,전라남도,순천시,황전면,69,73
2412,전라남도,순천시,월등면,68,73
2413,전라남도,순천시,주암면,65,73
2414,전라남도,순천시,송광면,66,70
2415,전라남도,순천시,외서면,66,69
2416,전라남도,순천시,낙안면,67,69
2417,전라남도,순천시,별량면,69,68
2418,전라남도,순천시,상사면,69,70
2419,전라남도,순천시,향동,70,70
2420,전라남도,순천시,매곡동,70,70
2421,전라남도,순천시,삼산동,70,70
2422,전라남도,순천시,조곡동,70,70
2423,전라남도,순천시,덕연동,70,70
2424,전라남도,순천시,풍덕동,70,70
2425,전라남도,순천시,남제동,70,70
2426,전라남도,순천시,저전동,70,70
2427,전라남도,순천시,장천동,70,70
2428,전라남도,순천시,중앙동,70,70
2429,전라남도,순천시,도사동,70,69
2430,전라남도,순천시,왕조1동,70,70
2431,전라남도,순천시,왕조2동,70,70
2432,전라남도,나주시,남평읍,58,72
2433,전라남도,나주시,세지면,56,69
2434,전라남도,나주시,왕곡면,55,70
2435,전라남도,나주시,반남면,55,69
2436,전라남도,나주시,공산면,54,70
2437,전라남도,나주시,동강면,53,69
2438,전라남도,나주시,다시면,54,71
2439,전라남도,나주시,문평면,54,72
2440,전라남도,나주시,노안면,56,72
2441,전라남도,나주시,금천면,57,71
2442,전라남도,나주시,산포면,57,72
2443,전라남도,나주시,다도면,58,70
2444,전라남도,나주시,봉황면,57,70
2445,전라남도,나주시,송월동,56,71
2446,전라남도,나주시,영강동,56,71
2447,전라남도,나주시,금남동,56,71
2448,전라남도,나주시,성북동,56,72
2449,전라남도,나주시,영산동,56,71
2450,전라남도,나주시,이창동,56,71
2451,전라남도,나주시,빛가람동,57,71
2452,전라남도,광양시,광양읍,71,70
2453,전라남도,광양시,봉강면,71,71
2454,전라남도,광양시,옥룡면,72,71
2455,전라남도,광양시,옥곡면,73,71
2456,전라남도,광양시,진상면,74,71
2457,전라남도,광양시,진월면,74,71
2458,전라남도,광양시,다압면,73,74
2459,전라남도,광양시,골약동,73,70
2460,전라남도,광양시,중마동,73,70
2461,전라남도,광양시,광영동,74,70
2462,전라남도,광양시,금호동,74,70
2463,전라남도,광양시,태인동,74,70
2464,전라남도,담양군,담양읍,61,78
2465,전라남도,담양군,봉산면,60,77
2466,전라남도,담양군,고서면,60,76
2467,전라남도,담양군,가사문학면,61,75
2468,전라남도,담양군,창평면,61,76
2469,전라남도,담양군,대덕면,62,76
2470,전라남도,담양군,무정면,61,77
2471,전라남도,담양군,금성면,61,78
2472,전라남도,담양군,용면,61,79
2473,전라남도,담양군,월산면,60,78
2474,전라남도,담양군,수북면,60,77
2475,전라남도,담양군,대전면,59,77
2476,전라남도,곡성군,곡성읍,66,77
2477,전라남도,곡성군,오곡면,66,77
2478,전라남도,곡성군,삼기면,65,76
2479,전라남도,곡성군,석곡면,65,74
2480,전라남도,곡성군,목사동면,66,74
2481,전라남도,곡성군,죽곡면,67,74
2482,전라남도,곡성군,고달면,67,77
2483,전라남도,곡성군,옥과면,63,77
2484,전라남도,곡성군,입면,64,77
2485,전라남도,곡성군,겸면,64,76
2486,전라남도,곡성군,오산면,63,76
2487,전라남도,구례군,구례읍,69,76
2488,전라남도,구례군,문척면,70,75
2489,전라남도,구례군,간전면,71,75
2490,전라남도,구례군,토지면,70,75
2491,전라남도,구례군,마산면,70,76
2492,전라남도,구례군,광의면,69,77
2493,전라남도,구례군,용방면,69,76
2494,전라남도,구례군,산동면,69,78
2495,전라남도,고흥군,고흥읍,66,62
2496,전라남도,고흥군,도양읍,64,61
2497,전라남도,고흥군,풍양면,65,62
2498,전라남도,고흥군,도덕면,64,61
2499,전라남도,고흥군,금산면,63,59
2500,전라남도,고흥군,도화면,67,60
2501,전라남도,고흥군,포두면,67,62
2502,전라남도,고흥군,봉래면,69,59
2503,전라남도,고흥군,점암면,68,63
2504,전라남도,고흥군,과역면,67,64
2505,전라남도,고흥군,남양면,67,65
2506,전라남도,고흥군,동강면,67,66
2507,전라남도,고흥군,대서면,66,66
2508,전라남도,고흥군,두원면,66,63
2509,전라남도,고흥군,영남면,69,62
2510,전라남도,고흥군,동일면,69,60
2511,전라남도,보성군,보성읍,62,66
2512,전라남도,보성군,벌교읍,67,68
2513,전라남도,보성군,노동면,62,66
2514,전라남도,보성군,미력면,63,66
2515,전라남도,보성군,겸백면,64,67
2516,전라남도,보성군,율어면,64,68
2517,전라남도,보성군,복내면,63,69
2518,전라남도,보성군,문덕면,64,69
2519,전라남도,보성군,조성면,65,67
2520,전라남도,보성군,득량면,64,66
2521,전라남도,보성군,회천면,63,64
2522,전라남도,보성군,웅치면,61,65
2523,전라남도,화순군,화순읍,61,72
2524,전라남도,화순군,한천면,61,70
2525,전라남도,화순군,춘양면,60,70
2526,전라남도,화순군,청풍면,60,68
2527,전라남도,화순군,이양면,61,68
2528,전라남도,화순군,능주면,60,71
2529,전라남도,화순군,도곡면,59,71
2530,전라남도,화순군,도암면,59,69
2531,전라남도,화순군,이서면,62,73
2532,전라남도,화순군,백아면,63,75
2533,전라남도,화순군,동복면,63,72
2534,전라남도,화순군,사평면,63,71
2535,전라남도,화순군,동면,62,71
2536,전라남도,장흥군,장흥읍,59,64
2537,전라남도,장흥군,관산읍,60,61
2538,전라남도,장흥군,대덕읍,59,60
2539,전라남도,장흥군,용산면,59,62
2540,전라남도,장흥군,안양면,61,63
2541,전라남도,장흥군,장동면,61,65
2542,전라남도,장흥군,장평면,61,66
2543,전라남도,장흥군,유치면,58,66
2544,전라남도,장흥군,부산면,59,65
2545,전라남도,장흥군,회진면,60,59
2546,전라남도,강진군,강진읍,57,63
2547,전라남도,강진군,군동면,58,63
2548,전라남도,강진군,칠량면,57,61
2549,전라남도,강진군,대구면,57,60
2550,전라남도,강진군,도암면,56,61
2551,전라남도,강진군,신전면,56,60
2552,전라남도,강진군,성전면,56,64
2553,전라남도,강진군,작천면,57,64
2554,전라남도,강진군,병영면,58,65
2555,전라남도,강진군,옴천면,57,65
2556,전라남도,강진군,마량면,58,59
2557,전라남도,해남군,해남읍,54,61
2558,전라남도,해남군,삼산면,54,60
2559,전라남도,해남군,화산면,52,60
2560,전라남도,해남군,현산면,53,59
2561,전라남도,해남군,송지면,52,57
2562,전라남도,해남군,북평면,54,58
2563,전라남도,해남군,북일면,55,59
2564,전라남도,해남군,옥천면,55,61
2565,전라남도,해남군,계곡면,55,63
2566,전라남도,해남군,마산면,53,62
2567,전라남도,해남군,황산면,51,61
2568,전라남도,해남군,산이면,51,63
2569,전라남도,해남군,문내면,49,62
2570,전라남도,해남군,화원면,49,64
2571,전라남도,영암군,영암읍,56,66
2572,전라남도,영암군,삼호읍,51,65
2573,전라남도,영암군,덕진면,56,67
2574,전라남도,영암군,금정면,56,68
2575,전라남도,영암군,신북면,55,68
2576,전라남도,영암군,시종면,54,68
2577,전라남도,영암군,도포면,55,67
2578,전라남도,영암군,군서면,55,66
2579,전라남도,영암군,서호면,54,65
2580,전라남도,영암군,학산면,53,65
2581,전라남도,영암군,미암면,53,64
2582,전라남도,무안군,무안읍,52,71
2583,전라남도,무안군,일로읍,52,67
2584,전라남도,무안군,삼향읍,51,67
2585,전라남도,무안군,몽탄면,52,69
2586,전라남도,무안군,청계면,51,69
2587,전라남도,무안군,현경면,50,71
2588,전라남도,무안군,망운면,50,71
2589,전라남도,무안군,해제면,48,73
2590,전라남도,무안군,운남면,49,70
2591,전라남도,함평군,함평읍,52,72
2592,전라남도,함평군,손불면,51,74
2593,전라남도,함평군,신광면,52,74
2594,전라남도,함평군,학교면,53,71
2595,전라남도,함평군,엄다면,52,71
2596,전라남도,함평군,대동면,53,72
2597,전라남도,함평군,나산면,54,73
2598,전라남도,함평군,해보면,54,75
2599,전라남도,함평군,월야면,54,75
2600,전라남도,영광군,영광읍,52,77
2601,전라남도,영광군,백수읍,51,77
2602,전라남도,영광군,홍농읍,51,79
2603,전라남도,영광군,대마면,53,77
2604,전라남도,영광군,묘량면,53,76
2605,전라남도,영광군,불갑면,52,75
2606,전라남도,영광군,군서면,52,76
2607,전라남도,영광군,군남면,51,76
2608,전라남도,영광군,염산면,50,75
2609,전라남도,영광군,법성면,51,79
2610,전라남도,영광군,낙월면,45,75
2611,전라남도,장성군,장성읍,57,77
2612,전라남도,장성군,진원면,58,77
2613,전라남도,장성군,남면,58,76
2614,전라남도,장성군,동화면,56,77
2615,전라남도,장성군,삼서면,55,76
2616,전라남도,장성군,삼계면,55,76
2617,전라남도,장성군,황룡면,57,77
2618,전라남도,장성군,서삼면,57,78
2619,전라남도,장성군,북일면,57,79
2620,전라남도,장성군,북이면,57,80
2621,전라남도,장성군,북하면,59,80
2622,전라남도,완도군,완도읍,57,56
2623,전라남도,완도군,금일읍,62,57
2624,전라남도,완도군,노화읍,53,53
2625,전라남도,완도군,군외면,55,57
2626,전라남도,완도군,신지면,58,56
2627,전라남도,완도군,고금면,58,58
2628,전라남도,완도군,약산면,59,58
2629,전라남도,완도군,청산면,59,53
2630,전라남도,완도군,소안면,55,53
2631,전라남도,완도군,금당면,62,58
2632,전라남도,완도군,보길면,53,53
2633,전라남도,완도군,생일면,61,56
2634,전라남도,진도군,진도읍,48,59
2635,전라남도,진도군,군내면,48,60
2636,전라남도,진도군,고군면,49,60
2637,전라남도,진도군,의신면,48,58
2638,전라남도,진도군,임회면,46,58
2639,전라남도,진도군,지산면,46,58
2640,전라남도,진도군,조도면,44,55
2641,전라남도,신안군,지도읍,47,72
2642,전라남도,신안군,압해읍,49,68
2643,전라남도,신안군,증도면,46,71
2644,전라남도,신안군,임자면,45,73
2645,전라남도,신안군,자은면,44,68
2646,전라남도,신안군,비금면,42,65
2647,전라남도,신안군,도초면,42,64
2648,전라남도,신안군,흑산면,33,64
2649,전라남도,신안군,하의면,44,62
2650,전라남도,신안군,신의면,45,62
2651,전라남도,신안군,장산면,46,63
2652,전라남도,신안군,안좌면,45,65
2653,전라남도,신안군,팔금면,46,66
2654,전라남도,신안군,암태면,45,67
2655,경상북도,포항시남구,구룡포읍,105,94
2656,경상북도,포항시남구,연일읍,102,94
2657,경상북도,포항시남구,오천읍,103,93
2658,경상북도,포항시남구,대송면,102,93
2659,경상북도,포항시남구,동해면,104,94
2660,경상북도,포항시남구,장기면,105,92
2661,경상북도,포항시남구,호미곶면,106,96
2662,경상북도,포항시남구,상대동,102,94
2663,경상북도,포항시남구,해도동,102,94
2664,경상북도,포항시남구,송도동,102,94
2665,경상북도,포항시남구,청림동,103,94
2666,경상북도,포항시남구,제철동,103,94
2667,경상북도,포항시남구,효곡동,102,94
2668,경상북도,포항시남구,대이동,102,94
2669,경상북도,포항시북구,흥해읍,102,96
2670,경상북도,포항시북구,신광면,100,97
2671,경상북도,포항시북구,청하면,102,98
2672,경상북도,포항시북구,송라면,102,99
2673,경상북도,포항시북구,기계면,100,95
2674,경상북도,포항시북구,죽장면,97,97
2675,경상북도,포항시북구,기북면,99,96
2676,경상북도,포항시북구,중앙동,102,95
2677,경상북도,포항시북구,양학동,102,94
2678,경상북도,포항시북구,죽도동,102,95
2679,경상북도,포항시북구,용흥동,102,95
2680,경상북도,포항시북구,우창동,102,95
2681,경상북도,포항시북구,두호동,102,95
2682,경상북도,포항시북구,장량동,102,95
2683,경상북도,포항시북구,환여동,103,95
2684,경상북도,경주시,감포읍,105,90
2685,경상북도,경주시,안강읍,100,93
2686,경상북도,경주시,건천읍,98,90
2687,경상북도,경주시,외동읍,102,88
2688,경상북도,경주시,문무대왕면,104,89
2689,경상북도,경주시,양남면,104,87
2690,경상북도,경주시,내남면,100,88
2691,경상북도,경주시,산내면,97,88
2692,경상북도,경주시,서면,97,91
2693,경상북도,경주시,현곡면,100,91
2694,경상북도,경주시,강동면,101,93
2695,경상북도,경주시,천북면,101,91
2696,경상북도,경주시,중부동,100,90
2697,경상북도,경주시,황오동,100,90
2698,경상북도,경주시,성건동,100,90
2699,경상북도,경주시,황남동,100,90
2700,경상북도,경주시,선도동,99,90
2701,경상북도,경주시,월성동,100,90
2702,경상북도,경주시,용강동,100,91
2703,경상북도,경주시,황성동,100,91
2704,경상북도,경주시,동천동,100,90
2705,경상북도,경주시,불국동,101,89
2706,경상북도,경주시,보덕동,101,90
2707,경상북도,김천시,아포읍,83,97
2708,경상북도,김천시,농소면,81,95
2709,경상북도,김천시,남면,82,95
2710,경상북도,김천시,개령면,81,97
2711,경상북도,김천시,감문면,81,98
2712,경상북도,김천시,어모면,80,97
2713,경상북도,김천시,봉산면,79,96
2714,경상북도,김천시,대항면,79,96
2715,경상북도,김천시,감천면,80,94
2716,경상북도,김천시,조마면,80,94
2717,경상북도,김천시,구성면,79,94
2718,경상북도,김천시,지례면,79,93
2719,경상북도,김천시,부항면,77,93
2720,경상북도,김천시,대덕면,78,91
2721,경상북도,김천시,증산면,79,91
2722,경상북도,김천시,자산동,80,96
2723,경상북도,김천시,평화남산동,80,96
2724,경상북도,김천시,양금동,80,95
2725,경상북도,김천시,대신동,80,96
2726,경상북도,김천시,대곡동,80,96
2727,경상북도,김천시,지좌동,81,96
2728,경상북도,김천시,율곡동,81,96
2729,경상북도,안동시,풍산읍,88,106
2730,경상북도,안동시,와룡면,91,107
2731,경상북도,안동시,북후면,90,108
2732,경상북도,안동시,서후면,90,107
2733,경상북도,안동시,풍천면,87,105
2734,경상북도,안동시,일직면,90,104
2735,경상북도,안동시,남후면,90,105
2736,경상북도,안동시,남선면,91,105
2737,경상북도,안동시,임하면,92,105
2738,경상북도,안동시,길안면,94,103
2739,경상북도,안동시,임동면,94,106
2740,경상북도,안동시,예안면,93,108
2741,경상북도,안동시,도산면,92,110
2742,경상북도,안동시,녹전면,91,110
2743,경상북도,안동시,중구동,91,106
2744,경상북도,안동시,명륜동,91,106
2745,경상북도,안동시,용상동,91,105
2746,경상북도,안동시,서구동,90,106
2747,경상북도,안동시,태화동,90,106
2748,경상북도,안동시,평화동,90,106
2749,경상북도,안동시,안기동,90,106
2750,경상북도,안동시,옥동,90,106
2751,경상북도,안동시,송하동,90,106
2752,경상북도,안동시,강남동,91,105
2753,경상북도,구미시,선산읍,83,98
2754,경상북도,구미시,고아읍,84,97
2755,경상북도,구미시,산동읍,86,97
2756,경상북도,구미시,무을면,82,99
2757,경상북도,구미시,옥성면,83,100
2758,경상북도,구미시,도개면,84,100
2759,경상북도,구미시,해평면,85,97
2760,경상북도,구미시,장천면,87,96
2761,경상북도,구미시,송정동,84,96
2762,경상북도,구미시,원평동,84,96
2763,경상북도,구미시,도량동,84,96
2764,경상북도,구미시,지산동,84,96
2765,경상북도,구미시,선주원남동,84,96
2766,경상북도,구미시,형곡1동,84,96
2767,경상북도,구미시,형곡2동,84,95
2768,경상북도,구미시,신평1동,85,96
2769,경상북도,구미시,신평2동,85,96
2770,경상북도,구미시,비산동,85,96
2771,경상북도,구미시,광평동,85,95
2772,경상북도,구미시,상모사곡동,84,95
2773,경상북도,구미시,임오동,85,95
2774,경상북도,구미시,인동동,86,95
2775,경상북도,구미시,진미동,86,95
2776,경상북도,구미시,양포동,86,96
2777,경상북도,구미시,공단동,85,95
2778,경상북도,영주시,풍기읍,87,112
2779,경상북도,영주시,이산면,89,111
2780,경상북도,영주시,평은면,90,109
2781,경상북도,영주시,문수면,89,110
2782,경상북도,영주시,장수면,88,110
2783,경상북도,영주시,안정면,87,112
2784,경상북도,영주시,봉현면,87,112
2785,경상북도,영주시,순흥면,88,113
2786,경상북도,영주시,단산면,88,114
2787,경상북도,영주시,부석면,89,115
2788,경상북도,영주시,상망동,89,111
2789,경상북도,영주시,하망동,89,111
2790,경상북도,영주시,영주1동,89,111
2791,경상북도,영주시,영주2동,89,111
2792,경상북도,영주시,휴천1동,89,111
2793,경상북도,영주시,휴천2동,89,111
2794,경상북도,영주시,휴천3동,89,111
2795,경상북도,영주시,가흥1동,89,111
2796,경상북도,영주시,가흥2동,88,111
2797,경상북도,영천시,금호읍,94,92
2798,경상북도,영천시,청통면,93,93
2799,경상북도,영천시,신녕면,92,94
2800,경상북도,영천시,화산면,93,94
2801,경상북도,영천시,화북면,94,96
2802,경상북도,영천시,화남면,94,95
2803,경상북도,영천시,자양면,96,95
2804,경상북도,영천시,임고면,95,94
2805,경상북도,영천시,고경면,97,94
2806,경상북도,영천시,북안면,96,92
2807,경상북도,영천시,대창면,94,91
2808,경상북도,영천시,동부동,95,93
2809,경상북도,영천시,중앙동,95,93
2810,경상북도,영천시,서부동,95,93
2811,경상북도,영천시,완산동,95,93
2812,경상북도,영천시,남부동,95,93
2813,경상북도,상주시,함창읍,81,105
2814,경상북도,상주시,중동면,83,102
2815,경상북도,상주시,사벌국면,82,103
2816,경상북도,상주시,낙동면,82,101
2817,경상북도,상주시,청리면,80,100
2818,경상북도,상주시,공성면,80,99
2819,경상북도,상주시,외남면,80,101
2820,경상북도,상주시,내서면,79,102
2821,경상북도,상주시,모동면,77,100
2822,경상북도,상주시,모서면,77,100
2823,경상북도,상주시,화동면,77,101
2824,경상북도,상주시,화서면,77,103
2825,경상북도,상주시,화북면,77,105
2826,경상북도,상주시,외서면,80,103
2827,경상북도,상주시,은척면,79,105
2828,경상북도,상주시,공검면,81,104
2829,경상북도,상주시,이안면,80,106
2830,경상북도,상주시,화남면,76,103
2831,경상북도,상주시,남원동,81,102
2832,경상북도,상주시,북문동,81,102
2833,경상북도,상주시,계림동,81,102
2834,경상북도,상주시,동문동,81,102
2835,경상북도,상주시,동성동,81,102
2836,경상북도,상주시,신흥동,81,102
2837,경상북도,문경시,문경읍,80,109
2838,경상북도,문경시,가은읍,79,107
2839,경상북도,문경시,영순면,82,106
2840,경상북도,문경시,산양면,82,106
2841,경상북도,문경시,호계면,82,107
2842,경상북도,문경시,산북면,82,107
2843,경상북도,문경시,동로면,83,110
2844,경상북도,문경시,마성면,80,108
2845,경상북도,문경시,농암면,78,106
2846,경상북도,문경시,점촌1동,81,106
2847,경상북도,문경시,점촌2동,81,106
2848,경상북도,문경시,점촌3동,82,106
2849,경상북도,문경시,점촌4동,81,107
2850,경상북도,문경시,점촌5동,81,106
2851,경상북도,경산시,하양읍,93,91
2852,경상북도,경산시,진량읍,93,91
2853,경상북도,경산시,압량읍,92,90
2854,경상북도,경산시,와촌면,93,92
2855,경상북도,경산시,자인면,93,89
2856,경상북도,경산시,용성면,94,89
2857,경상북도,경산시,남산면,93,89
2858,경상북도,경산시,남천면,91,88
2859,경상북도,경산시,중방동,91,90
2860,경상북도,경산시,중앙동,91,89
2861,경상북도,경산시,남부동,91,89
2862,경상북도,경산시,서부1동,91,89
2863,경상북도,경산시,서부2동,91,90
2864,경상북도,경산시,북부동,92,90
2865,경상북도,경산시,동부동,92,89
2866,경상북도,군위군,군위읍,88,98
2867,경상북도,군위군,소보면,86,99
2868,경상북도,군위군,효령면,88,97
2869,경상북도,군위군,부계면,90,95
2870,경상북도,군위군,우보면,90,98
2871,경상북도,군위군,의흥면,91,97
2872,경상북도,군위군,산성면,90,96
2873,경상북도,군위군,삼국유사면,92,96
2874,경상북도,의성군,의성읍,90,101
2875,경상북도,의성군,단촌면,90,102
2876,경상북도,의성군,점곡면,91,103
2877,경상북도,의성군,옥산면,92,102
2878,경상북도,의성군,사곡면,92,100
2879,경상북도,의성군,춘산면,92,99
2880,경상북도,의성군,가음면,91,98
2881,경상북도,의성군,금성면,90,99
2882,경상북도,의성군,봉양면,88,100
2883,경상북도,의성군,비안면,87,101
2884,경상북도,의성군,구천면,86,101
2885,경상북도,의성군,단밀면,85,101
2886,경상북도,의성군,단북면,85,102
2887,경상북도,의성군,안계면,86,102
2888,경상북도,의성군,다인면,84,103
2889,경상북도,의성군,신평면,87,103
2890,경상북도,의성군,안평면,88,101
2891,경상북도,의성군,안사면,86,103
2892,경상북도,청송군,청송읍,96,103
2893,경상북도,청송군,주왕산면,98,101
2894,경상북도,청송군,부남면,97,101
2895,경상북도,청송군,현동면,96,100
2896,경상북도,청송군,현서면,94,100
2897,경상북도,청송군,안덕면,95,100
2898,경상북도,청송군,파천면,96,104
2899,경상북도,청송군,진보면,96,105
2900,경상북도,영양군,영양읍,97,108
2901,경상북도,영양군,입암면,97,106
2902,경상북도,영양군,청기면,96,108
2903,경상북도,영양군,일월면,98,109
2904,경상북도,영양군,수비면,99,110
2905,경상북도,영양군,석보면,98,106
2906,경상북도,영덕군,영덕읍,102,103
2907,경상북도,영덕군,강구면,102,102
2908,경상북도,영덕군,남정면,102,100
2909,경상북도,영덕군,달산면,101,102
2910,경상북도,영덕군,지품면,100,103
2911,경상북도,영덕군,축산면,103,105
2912,경상북도,영덕군,영해면,103,105
2913,경상북도,영덕군,병곡면,103,107
2914,경상북도,영덕군,창수면,102,106
2915,경상북도,청도군,화양읍,91,86
2916,경상북도,청도군,청도읍,92,86
2917,경상북도,청도군,각남면,90,85
2918,경상북도,청도군,풍각면,89,85
2919,경상북도,청도군,각북면,89,86
2920,경상북도,청도군,이서면,90,86
2921,경상북도,청도군,운문면,95,87
2922,경상북도,청도군,금천면,94,87
2923,경상북도,청도군,매전면,94,86
2924,경상북도,고령군,대가야읍,83,87
2925,경상북도,고령군,덕곡면,82,88
2926,경상북도,고령군,운수면,84,88
2927,경상북도,고령군,성산면,85,88
2928,경상북도,고령군,다산면,86,89
2929,경상북도,고령군,개진면,85,87
2930,경상북도,고령군,우곡면,84,86
2931,경상북도,고령군,쌍림면,83,86
2932,경상북도,성주군,성주읍,83,91
2933,경상북도,성주군,선남면,85,91
2934,경상북도,성주군,용암면,84,90
2935,경상북도,성주군,수륜면,82,89
2936,경상북도,성주군,가천면,81,91
2937,경상북도,성주군,금수면,81,91
2938,경상북도,성주군,대가면,82,91
2939,경상북도,성주군,벽진면,82,92
2940,경상북도,성주군,초전면,83,93
2941,경상북도,성주군,월항면,84,92
2942,경상북도,칠곡군,왜관읍,85,93
2943,경상북도,칠곡군,북삼읍,84,94
2944,경상북도,칠곡군,석적읍,85,94
2945,경상북도,칠곡군,지천면,87,92
2946,경상북도,칠곡군,동명면,88,93
2947,경상북도,칠곡군,가산면,88,95
2948,경상북도,칠곡군,약목면,85,94
2949,경상북도,칠곡군,기산면,85,93
2950,경상북도,예천군,예천읍,86,107
2951,경상북도,예천군,용문면,85,108
2952,경상북도,예천군,감천면,87,109
2953,경상북도,예천군,보문면,87,108
2954,경상북도,예천군,호명면,86,106
2955,경상북도,예천군,유천면,85,107
2956,경상북도,예천군,용궁면,83,106
2957,경상북도,예천군,개포면,84,106
2958,경상북도,예천군,지보면,85,105
2959,경상북도,예천군,풍양면,83,104
2960,경상북도,예천군,효자면,85,110
2961,경상북도,예천군,은풍면,86,109
2962,경상북도,봉화군,봉화읍,91,113
2963,경상북도,봉화군,물야면,90,115
2964,경상북도,봉화군,봉성면,92,113
2965,경상북도,봉화군,법전면,93,113
2966,경상북도,봉화군,춘양면,94,114
2967,경상북도,봉화군,소천면,95,114
2968,경상북도,봉화군,재산면,95,111
2969,경상북도,봉화군,명호면,93,112
2970,경상북도,봉화군,상운면,91,111
2971,경상북도,봉화군,석포면,96,116
2972,경상북도,울진군,울진읍,102,115
2973,경상북도,울진군,평해읍,103,110
2974,경상북도,울진군,북면,101,118
2975,경상북도,울진군,근남면,102,115
2976,경상북도,울진군,기성면,103,111
2977,경상북도,울진군,온정면,101,109
2978,경상북도,울진군,죽변면,102,117
2979,경상북도,울진군,후포면,103,109
2980,경상북도,울진군,금강송면,99,114
2981,경상북도,울진군,매화면,102,114
2982,경상북도,울릉군,울릉읍,127,127
2983,경상북도,울릉군,서면,126,127
2984,경상북도,울릉군,북면,127,129
2985,경상북도,울릉군,독도,144,123
2986,경상남도,창원시의창구,동읍,91,78
2987,경상남도,창원시의창구,북면,89,79
2988,경상남도,창원시의창구,대산면,91,79
2989,경상남도,창원시의창구,의창동,90,77
2990,경상남도,창원시의창구,팔룡동,90,77
2991,경상남도,창원시의창구,명곡동,90,77
2992,경상남도,창원시의창구,봉림동,91,77
2993,경상남도,창원시성산구,반송동,91,77
2994,경상남도,창원시성산구,용지동,91,77
2995,경상남도,창원시성산구,중앙동,91,77
2996,경상남도,창원시성산구,상남동,91,76
2997,경상남도,창원시성산구,사파동,91,76
2998,경상남도,창원시성산구,가음정동,91,76
2999,경상남도,창원시성산구,성주동,91,76
3000,경상남도,창원시성산구,웅남동,90,76
3001,경상남도,창원시마산합포구,구산면,89,74
3002,경상남도,창원시마산합포구,진동면,88,74
3003,경상남도,창원시마산합포구,진북면,87,74
3004,경상남도,창원시마산합포구,진전면,86,74
3005,경상남도,창원시마산합포구,현동,89,75
3006,경상남도,창원시마산합포구,가포동,89,75
3007,경상남도,창원시마산합포구,월영동,89,76
3008,경상남도,창원시마산합포구,문화동,89,76
3009,경상남도,창원시마산합포구,중앙동,89,76
3010,경상남도,창원시마산합포구,완월동,89,76
3011,경상남도,창원시마산합포구,자산동,89,76
3012,경상남도,창원시마산합포구,교방동,89,76
3013,경상남도,창원시마산합포구,오동동,89,76
3014,경상남도,창원시마산합포구,합포동,89,76
3015,경상남도,창원시마산합포구,산호동,89,76
3016,경상남도,창원시마산회원구,내서읍,88,77
3017,경상남도,창원시마산회원구,회원1동,89,76
3018,경상남도,창원시마산회원구,회원2동,89,76
3019,경상남도,창원시마산회원구,석전동,89,77
3020,경상남도,창원시마산회원구,회성동,89,77
3021,경상남도,창원시마산회원구,양덕1동,89,77
3022,경상남도,창원시마산회원구,양덕2동,89,77
3023,경상남도,창원시마산회원구,합성1동,89,77
3024,경상남도,창원시마산회원구,합성2동,89,77
3025,경상남도,창원시마산회원구,구암1동,89,77
3026,경상남도,창원시마산회원구,구암2동,89,77
3027,경상남도,창원시마산회원구,봉암동,89,76
3028,경상남도,창원시진해구,충무동,91,75
3029,경상남도,창원시진해구,여좌동,91,75
3030,경상남도,창원시진해구,태백동,91,75
3031,경상남도,창원시진해구,경화동,91,75
3032,경상남도,창원시진해구,병암동,91,75
3033,경상남도,창원시진해구,석동,91,75
3034,경상남도,창원시진해구,이동,91,75
3035,경상남도,창원시진해구,자은동,91,75
3036,경상남도,창원시진해구,덕산동,91,75
3037,경상남도,창원시진해구,풍호동,91,75
3038,경상남도,창원시진해구,웅천동,92,74
3039,경상남도,창원시진해구,웅동1동,93,75
3040,경상남도,창원시진해구,웅동2동,93,74
3041,경상남도,진주시,문산읍,82,75
3042,경상남도,진주시,내동면,80,75
3043,경상남도,진주시,정촌면,81,74
3044,경상남도,진주시,금곡면,82,73
3045,경상남도,진주시,진성면,83,75
3046,경상남도,진주시,일반성면,84,75
3047,경상남도,진주시,이반성면,85,75
3048,경상남도,진주시,사봉면,84,75
3049,경상남도,진주시,지수면,83,76
3050,경상남도,진주시,대곡면,82,77
3051,경상남도,진주시,금산면,81,76
3052,경상남도,진주시,집현면,80,76
3053,경상남도,진주시,미천면,81,78
3054,경상남도,진주시,명석면,79,76
3055,경상남도,진주시,대평면,78,76
3056,경상남도,진주시,수곡면,77,75
3057,경상남도,진주시,천전동,80,75
3058,경상남도,진주시,성북동,80,76
3059,경상남도,진주시,중앙동,80,75
3060,경상남도,진주시,상봉동,80,76
3061,경상남도,진주시,상대동,81,75
3062,경상남도,진주시,하대동,81,75
3063,경상남도,진주시,상평동,81,75
3064,경상남도,진주시,초장동,81,76
3065,경상남도,진주시,평거동,79,75
3066,경상남도,진주시,신안동,80,75
3067,경상남도,진주시,이현동,80,75
3068,경상남도,진주시,판문동,80,75
3069,경상남도,진주시,가호동,81,75
3070,경상남도,진주시,충무공동,81,75
3071,경상남도,통영시,산양읍,86,67
3072,경상남도,통영시,용남면,87,68
3073,경상남도,통영시,도산면,85,69
3074,경상남도,통영시,광도면,86,69
3075,경상남도,통영시,욕지면,84,63
3076,경상남도,통영시,한산면,88,66
3077,경상남도,통영시,사량면,83,68
3078,경상남도,통영시,도천동,86,68
3079,경상남도,통영시,명정동,86,68
3080,경상남도,통영시,중앙동,87,68
3081,경상남도,통영시,정량동,87,68
3082,경상남도,통영시,북신동,87,68
3083,경상남도,통영시,미수동,86,68
3084,경상남도,통영시,봉평동,86,68
3085,경상남도,통영시,무전동,87,68
3086,경상남도,사천시,사천읍,80,73
3087,경상남도,사천시,정동면,81,72
3088,경상남도,사천시,사남면,80,72
3089,경상남도,사천시,용현면,80,71
3090,경상남도,사천시,축동면,80,74
3091,경상남도,사천시,곤양면,78,72
3092,경상남도,사천시,곤명면,78,74
3093,경상남도,사천시,서포면,78,71
3094,경상남도,사천시,동서동,80,70
3095,경상남도,사천시,선구동,80,70
3096,경상남도,사천시,동서금동,80,70
3097,경상남도,사천시,벌용동,80,70
3098,경상남도,사천시,향촌동,81,70
3099,경상남도,사천시,남양동,80,71
3100,경상남도,김해시,진영읍,92,78
3101,경상남도,김해시,주촌면,93,77
3102,경상남도,김해시,진례면,92,77
3103,경상남도,김해시,한림면,93,79
3104,경상남도,김해시,생림면,94,79
3105,경상남도,김해시,상동면,95,78
3106,경상남도,김해시,대동면,96,77
3107,경상남도,김해시,동상동,94,77
3108,경상남도,김해시,회현동,94,77
3109,경상남도,김해시,부원동,94,77
3110,경상남도,김해시,내외동,94,77
3111,경상남도,김해시,북부동,94,77
3112,경상남도,김해시,칠산서부동,94,76
3113,경상남도,김해시,활천동,95,77
3114,경상남도,김해시,삼안동,95,77
3115,경상남도,김해시,불암동,95,77
3116,경상남도,김해시,장유1동,93,76
3117,경상남도,김해시,장유2동,93,76
3118,경상남도,김해시,장유3동,93,76
3119,경상남도,밀양시,삼랑진읍,93,80
3120,경상남도,밀양시,하남읍,91,80
3121,경상남도,밀양시,부북면,91,83
3122,경상남도,밀양시,상동면,92,84
3123,경상남도,밀양시,산외면,93,83
3124,경상남도,밀양시,산내면,94,84
3125,경상남도,밀양시,단장면,94,83
3126,경상남도,밀양시,상남면,92,81
3127,경상남도,밀양시,초동면,91,81
3128,경상남도,밀양시,무안면,90,82
3129,경상남도,밀양시,청도면,90,83
3130,경상남도,밀양시,내일동,92,82
3131,경상남도,밀양시,내이동,92,82
3132,경상남도,밀양시,삼문동,92,82
3133,경상남도,밀양시,가곡동,92,82
3134,경상남도,밀양시,교동,92,83
3135,경상남도,거제시,일운면,92,68
3136,경상남도,거제시,동부면,90,68
3137,경상남도,거제시,남부면,90,66
3138,경상남도,거제시,거제면,89,68
3139,경상남도,거제시,둔덕면,88,68
3140,경상남도,거제시,사등면,88,70
3141,경상남도,거제시,연초면,91,70
3142,경상남도,거제시,하청면,91,71
3143,경상남도,거제시,장목면,91,71
3144,경상남도,거제시,장승포동,92,69
3145,경상남도,거제시,능포동,92,69
3146,경상남도,거제시,아주동,91,69
3147,경상남도,거제시,옥포1동,91,69
3148,경상남도,거제시,옥포2동,91,69
3149,경상남도,거제시,장평동,90,69
3150,경상남도,거제시,고현동,90,69
3151,경상남도,거제시,상문동,90,69
3152,경상남도,거제시,수양동,91,69
3153,경상남도,양산시,물금읍,96,78
3154,경상남도,양산시,동면,98,79
3155,경상남도,양산시,원동면,95,80
3156,경상남도,양산시,상북면,97,81
3157,경상남도,양산시,하북면,98,82
3158,경상남도,양산시,중앙동,97,79
3159,경상남도,양산시,양주동,97,79
3160,경상남도,양산시,삼성동,97,79
3161,경상남도,양산시,강서동,97,79
3162,경상남도,양산시,서창동,99,81
3163,경상남도,양산시,소주동,99,81
3164,경상남도,양산시,평산동,99,80
3165,경상남도,양산시,덕계동,99,80
3166,경상남도,의령군,의령읍,83,78
3167,경상남도,의령군,가례면,83,78
3168,경상남도,의령군,칠곡면,82,79
3169,경상남도,의령군,대의면,81,79
3170,경상남도,의령군,화정면,82,77
3171,경상남도,의령군,용덕면,84,79
3172,경상남도,의령군,정곡면,84,80
3173,경상남도,의령군,지정면,85,80
3174,경상남도,의령군,낙서면,85,82
3175,경상남도,의령군,부림면,84,81
3176,경상남도,의령군,봉수면,83,82
3177,경상남도,의령군,궁류면,83,81
3178,경상남도,의령군,유곡면,84,81
3179,경상남도,함안군,가야읍,86,77
3180,경상남도,함안군,칠원읍,88,78
3181,경상남도,함안군,함안면,86,77
3182,경상남도,함안군,군북면,85,77
3183,경상남도,함안군,법수면,85,78
3184,경상남도,함안군,대산면,86,79
3185,경상남도,함안군,칠서면,87,79
3186,경상남도,함안군,칠북면,88,79
3187,경상남도,함안군,산인면,86,77
3188,경상남도,함안군,여항면,86,76
3189,경상남도,창녕군,창녕읍,87,83
3190,경상남도,창녕군,남지읍,87,80
3191,경상남도,창녕군,고암면,88,84
3192,경상남도,창녕군,성산면,87,85
3193,경상남도,창녕군,대합면,87,85
3194,경상남도,창녕군,이방면,85,84
3195,경상남도,창녕군,유어면,86,82
3196,경상남도,창녕군,대지면,87,84
3197,경상남도,창녕군,계성면,88,82
3198,경상남도,창녕군,영산면,88,81
3199,경상남도,창녕군,장마면,87,81
3200,경상남도,창녕군,도천면,88,81
3201,경상남도,창녕군,길곡면,89,80
3202,경상남도,창녕군,부곡면,89,81
3203,경상남도,고성군,고성읍,85,71
3204,경상남도,고성군,삼산면,84,70
3205,경상남도,고성군,하일면,82,70
3206,경상남도,고성군,하이면,81,70
3207,경상남도,고성군,상리면,82,71
3208,경상남도,고성군,대가면,84,72
3209,경상남도,고성군,영현면,82,72
3210,경상남도,고성군,영오면,83,74
3211,경상남도,고성군,개천면,83,73
3212,경상남도,고성군,구만면,85,73
3213,경상남도,고성군,회화면,85,73
3214,경상남도,고성군,마암면,85,73
3215,경상남도,고성군,동해면,86,72
3216,경상남도,고성군,거류면,86,71
3217,경상남도,남해군,남해읍,77,68
3218,경상남도,남해군,이동면,78,67
3219,경상남도,남해군,상주면,79,65
3220,경상남도,남해군,삼동면,79,67
3221,경상남도,남해군,미조면,80,65
3222,경상남도,남해군,남면,77,66
3223,경상남도,남해군,서면,76,67
3224,경상남도,남해군,고현면,77,69
3225,경상남도,남해군,설천면,77,69
3226,경상남도,남해군,창선면,79,68
3227,경상남도,하동군,하동읍,74,73
3228,경상남도,하동군,화개면,72,75
3229,경상남도,하동군,악양면,74,75
3230,경상남도,하동군,적량면,75,73
3231,경상남도,하동군,횡천면,75,73
3232,경상남도,하동군,고전면,76,72
3233,경상남도,하동군,금남면,76,70
3234,경상남도,하동군,진교면,77,72
3235,경상남도,하동군,양보면,76,72
3236,경상남도,하동군,북천면,77,74
3237,경상남도,하동군,청암면,75,74
3238,경상남도,하동군,옥종면,77,75
3239,경상남도,하동군,금성면,75,70
3240,경상남도,산청군,산청읍,76,80
3241,경상남도,산청군,차황면,77,81
3242,경상남도,산청군,오부면,76,81
3243,경상남도,산청군,생초면,76,82
3244,경상남도,산청군,금서면,76,80
3245,경상남도,산청군,삼장면,76,78
3246,경상남도,산청군,시천면,76,77
3247,경상남도,산청군,단성면,78,78
3248,경상남도,산청군,신안면,78,78
3249,경상남도,산청군,생비량면,79,79
3250,경상남도,산청군,신등면,79,80
3251,경상남도,함양군,함양읍,74,82
3252,경상남도,함양군,마천면,73,80
3253,경상남도,함양군,휴천면,74,82
3254,경상남도,함양군,유림면,75,81
3255,경상남도,함양군,수동면,75,82
3256,경상남도,함양군,지곡면,74,83
3257,경상남도,함양군,안의면,75,85
3258,경상남도,함양군,서하면,73,85
3259,경상남도,함양군,서상면,73,86
3260,경상남도,함양군,백전면,72,83
3261,경상남도,함양군,병곡면,73,83
3262,경상남도,거창군,거창읍,77,86
3263,경상남도,거창군,주상면,77,87
3264,경상남도,거창군,웅양면,77,89
3265,경상남도,거창군,고제면,76,89
3266,경상남도,거창군,북상면,75,88
3267,경상남도,거창군,위천면,75,87
3268,경상남도,거창군,마리면,76,86
3269,경상남도,거창군,남상면,77,85
3270,경상남도,거창군,남하면,77,86
3271,경상남도,거창군,신원면,77,84
3272,경상남도,거창군,가조면,79,87
3273,경상남도,거창군,가북면,78,88
3274,경상남도,합천군,합천읍,81,84
3275,경상남도,합천군,봉산면,79,85
3276,경상남도,합천군,묘산면,80,86
3277,경상남도,합천군,가야면,81,88
3278,경상남도,합천군,야로면,81,87
3279,경상남도,합천군,율곡면,82,84
3280,경상남도,합천군,초계면,83,83
3281,경상남도,합천군,쌍책면,83,84
3282,경상남도,합천군,덕곡면,85,85
3283,경상남도,합천군,청덕면,84,84
3284,경상남도,합천군,적중면,83,83
3285,경상남도,합천군,대양면,82,83
3286,경상남도,합천군,쌍백면,81,81
3287,경상남도,합천군,삼가면,81,80
3288,경상남도,합천군,가회면,79,81
3289,경상남도,합천군,대병면,79,83
3290,경상남도,합천군,용주면,81,83
3291,제주특별자치도,제주시,한림읍,48,36
3292,제주특별자치도,제주시,애월읍,49,37
3293,제주특별자치도,제주시,구좌읍,59,38
3294,제주특별자치도,제주시,조천읍,55,39
3295,제주특별자치도,제주시,한경면,46,35
3296,제주특별자치도,제주시,추자면,48,48
3297,제주특별자치도,제주시,우도면,60,38
3298,제주특별자치도,제주시,일도1동,53,38
3299,제주특별자치도,제주시,일도2동,53,38
3300,제주특별자치도,제주시,이도1동,53,38
3301,제주특별자치도,제주시,이도2동,53,38
3302,제주특별자치도,제주시,삼도1동,53,38
3303,제주특별자치도,제주시,삼도2동,53,38
3304,제주특별자치도,제주시,용담1동,52,38
3305,제주특별자치도,제주시,용담2동,52,38
3306,제주특별자치도,제주시,건입동,53,38
3307,제주특별자치도,제주시,화북동,53,38
3308,제주특별자치도,제주시,삼양동,54,38
3309,제주특별자치도,제주시,봉개동,54,38
3310,제주특별자치도,제주시,아라동,53,37
3311,제주특별자치도,제주시,오라동,52,38
3312,제주특별자치도,제주시,연동,52,38
3313,제주특별자치도,제주시,노형동,52,38
3314,제주특별자치도,제주시,외도동,51,38
3315,제주특별자치도,제주시,이호동,51,38
3316,제주특별자치도,제주시,도두동,52,38
3317,제주특별자치도,서귀포시,대정읍/마라도포함,48,32
3318,제주특별자치도,서귀포시,남원읍,56,33
3319,제주특별자치도,서귀포시,성산읍,60,37
3320,제주특별자치도,서귀포시,안덕면,49,32
3321,제주특별자치도,서귀포시,표선면,58,34
3322,제주특별자치도,서귀포시,송산동,53,32
3323,제주특별자치도,서귀포시,정방동,53,32
3324,제주특별자치도,서귀포시,중앙동,53,32
3325,제주특별자치도,서귀포시,천지동,53,32
3326,제주특별자치도,서귀포시,효돈동,54,33
3327,제주특별자치도,서귀포시,영천동,54,33
3328,제주특별자치도,서귀포시,동홍동,53,33
3329,제주특별자치도,서귀포시,서홍동,53,33
3330,제주특별자치도,서귀포시,대륜동,52,32
3331,제주특별자치도,서귀포시,대천동,52,32
3332,제주특별자치도,서귀포시,중문동,51,32
3333,제주특별자치도,서귀포시,예래동,50,32
3334,강원특별자치도,춘천시,신북읍,73,135
3335,강원특별자치도,춘천시,동면,73,134
3336,강원특별자치도,춘천시,동산면,74,131
3337,강원특별자치도,춘천시,신동면,72,132
3338,강원특별자치도,춘천시,남면,70,130
3339,강원특별자치도,춘천시,서면,72,134
3340,강원특별자치도,춘천시,사북면,71,137
3341,강원특별자치도,춘천시,북산면,75,136
3342,강원특별자치도,춘천시,동내면,73,133
3343,강원특별자치도,춘천시,남산면,71,132
3344,강원특별자치도,춘천시,교동,73,134
3345,강원특별자치도,춘천시,조운동,73,134
3346,강원특별자치도,춘천시,약사명동,73,134
3347,강원특별자치도,춘천시,근화동,72,134
3348,강원특별자치도,춘천시,소양동,73,134
3349,강원특별자치도,춘천시,후평1동,73,134
3350,강원특별자치도,춘천시,후평2동,73,134
3351,강원특별자치도,춘천시,후평3동,73,134
3352,강원특별자치도,춘천시,효자1동,73,133
3353,강원특별자치도,춘천시,효자2동,73,133
3354,강원특별자치도,춘천시,효자3동,73,134
3355,강원특별자치도,춘천시,석사동,73,133
3356,강원특별자치도,춘천시,퇴계동,73,133
3357,강원특별자치도,춘천시,강남동,72,133
3358,강원특별자치도,춘천시,신사우동,73,134
3359,강원특별자치도,원주시,문막읍,74,121
3360,강원특별자치도,원주시,소초면,78,124
3361,강원특별자치도,원주시,호저면,76,124
3362,강원특별자치도,원주시,지정면,75,122
3363,강원특별자치도,원주시,부론면,73,119
3364,강원특별자치도,원주시,귀래면,76,118
3365,강원특별자치도,원주시,흥업면,76,121
3366,강원특별자치도,원주시,판부면,78,121
3367,강원특별자치도,원주시,신림면,79,120
3368,강원특별자치도,원주시,중앙동,77,122
3369,강원특별자치도,원주시,원인동,77,122
3370,강원특별자치도,원주시,개운동,77,122
3371,강원특별자치도,원주시,명륜1동,77,122
3372,강원특별자치도,원주시,명륜2동,77,122
3373,강원특별자치도,원주시,단구동,77,122
3374,강원특별자치도,원주시,일산동,77,122
3375,강원특별자치도,원주시,학성동,77,122
3376,강원특별자치도,원주시,단계동,76,122
3377,강원특별자치도,원주시,우산동,76,123
3378,강원특별자치도,원주시,태장1동,77,122
3379,강원특별자치도,원주시,태장2동,77,123
3380,강원특별자치도,원주시,봉산동,77,122
3381,강원특별자치도,원주시,행구동,77,122
3382,강원특별자치도,원주시,무실동,76,122
3383,강원특별자치도,원주시,반곡관설동,77,122
3384,강원특별자치도,강릉시,주문진읍,91,134
3385,강원특별자치도,강릉시,성산면,92,131
3386,강원특별자치도,강릉시,왕산면,92,130
3387,강원특별자치도,강릉시,구정면,92,131
3388,강원특별자치도,강릉시,강동면,94,131
3389,강원특별자치도,강릉시,옥계면,95,129
3390,강원특별자치도,강릉시,사천면,92,133
3391,강원특별자치도,강릉시,연곡면,92,134
3392,강원특별자치도,강릉시,홍제동,92,131
3393,강원특별자치도,강릉시,중앙동,93,132
3394,강원특별자치도,강릉시,옥천동,93,132
3395,강원특별자치도,강릉시,교1동,92,132
3396,강원특별자치도,강릉시,교2동,93,132
3397,강원특별자치도,강릉시,포남1동,93,132
3398,강원특별자치도,강릉시,포남2동,93,132
3399,강원특별자치도,강릉시,초당동,93,132
3400,강원특별자치도,강릉시,송정동,93,132
3401,강원특별자치도,강릉시,내곡동,92,131
3402,강원특별자치도,강릉시,강남동,93,131
3403,강원특별자치도,강릉시,성덕동,93,132
3404,강원특별자치도,강릉시,경포동,92,132
3405,강원특별자치도,동해시,천곡동,97,127
3406,강원특별자치도,동해시,송정동,97,126
3407,강원특별자치도,동해시,북삼동,97,126
3408,강원특별자치도,동해시,부곡동,96,127
3409,강원특별자치도,동해시,동호동,96,127
3410,강원특별자치도,동해시,발한동,96,127
3411,강원특별자치도,동해시,묵호동,97,127
3412,강원특별자치도,동해시,북평동,97,126
3413,강원특별자치도,동해시,망상동,96,127
3414,강원특별자치도,동해시,삼화동,96,126
3415,강원특별자치도,태백시,황지동,95,119
3416,강원특별자치도,태백시,황연동,95,119
3417,강원특별자치도,태백시,삼수동,95,119
3418,강원특별자치도,태백시,상장동,95,119
3419,강원특별자치도,태백시,문곡소도동,94,118
3420,강원특별자치도,태백시,장성동,95,117
3421,강원특별자치도,태백시,구문소동,95,117
3422,강원특별자치도,태백시,철암동,96,118
3423,강원특별자치도,속초시,영랑동,87,141
3424,강원특별자치도,속초시,동명동,87,141
3425,강원특별자치도,속초시,금호동,87,141
3426,강원특별자치도,속초시,교동,87,141
3427,강원특별자치도,속초시,노학동,87,141
3428,강원특별자치도,속초시,조양동,87,141
3429,강원특별자치도,속초시,청호동,87,141
3430,강원특별자치도,속초시,대포동,87,140
3431,강원특별자치도,삼척시,도계읍,96,120
3432,강원특별자치도,삼척시,원덕읍,101,119
3433,강원특별자치도,삼척시,근덕면,99,124
3434,강원특별자치도,삼척시,하장면,94,123
3435,강원특별자치도,삼척시,노곡면,98,123
3436,강원특별자치도,삼척시,미로면,97,124
3437,강원특별자치도,삼척시,가곡면,98,119
3438,강원특별자치도,삼척시,신기면,96,123
3439,강원특별자치도,삼척시,남양동,98,125
3440,강원특별자치도,삼척시,교동,98,125
3441,강원특별자치도,삼척시,정라동,98,125
3442,강원특별자치도,삼척시,성내동,97,125
3443,강원특별자치도,홍천군,홍천읍,75,130
3444,강원특별자치도,홍천군,화촌면,77,131
3445,강원특별자치도,홍천군,두촌면,78,134
3446,강원특별자치도,홍천군,내촌면,79,132
3447,강원특별자치도,홍천군,서석면,81,130
3448,강원특별자치도,홍천군,영귀미면,76,129
3449,강원특별자치도,홍천군,남면,73,128
3450,강원특별자치도,홍천군,서면,72,129
3451,강원특별자치도,홍천군,북방면,75,130
3452,강원특별자치도,홍천군,내면,84,132
3453,강원특별자치도,횡성군,횡성읍,77,125
3454,강원특별자치도,횡성군,우천면,79,125
3455,강원특별자치도,횡성군,안흥면,80,124
3456,강원특별자치도,횡성군,둔내면,81,126
3457,강원특별자치도,횡성군,갑천면,79,127
3458,강원특별자치도,횡성군,청일면,80,127
3459,강원특별자치도,횡성군,공근면,77,126
3460,강원특별자치도,횡성군,서원면,75,125
3461,강원특별자치도,횡성군,강림면,80,123
3462,강원특별자치도,영월군,영월읍,86,119
3463,강원특별자치도,영월군,상동읍,92,118
3464,강원특별자치도,영월군,산솔면,89,118
3465,강원특별자치도,영월군,김삿갓면,88,118
3466,강원특별자치도,영월군,북면,85,120
3467,강원특별자치도,영월군,남면,85,119
3468,강원특별자치도,영월군,한반도면,83,120
3469,강원특별자치도,영월군,주천면,82,121
3470,강원특별자치도,영월군,무릉도원면,82,121
3471,강원특별자치도,평창군,평창읍,84,123
3472,강원특별자치도,평창군,미탄면,86,122
3473,강원특별자치도,평창군,방림면,84,124
3474,강원특별자치도,평창군,대화면,85,126
3475,강원특별자치도,평창군,봉평면,84,128
3476,강원특별자치도,평창군,용평면,85,128
3477,강원특별자치도,평창군,진부면,87,129
3478,강원특별자치도,평창군,대관령면,89,130
3479,강원특별자치도,정선군,정선읍,89,123
3480,강원특별자치도,정선군,고한읍,92,120
3481,강원특별자치도,정선군,사북읍,92,120
3482,강원특별자치도,정선군,신동읍,89,120
3483,강원특별자치도,정선군,남면,90,121
3484,강원특별자치도,정선군,북평면,89,125
3485,강원특별자치도,정선군,임계면,92,126
3486,강원특별자치도,정선군,화암면,91,123
3487,강원특별자치도,정선군,여량면,90,125
3488,강원특별자치도,철원군,철원읍,64,141
3489,강원특별자치도,철원군,김화읍,67,142
3490,강원특별자치도,철원군,갈말읍,65,139
3491,강원특별자치도,철원군,동송읍,64,141
3492,강원특별자치도,철원군,서면,67,140
3493,강원특별자치도,철원군,근남면,68,141
3494,강원특별자치도,철원군,근북면,67,143
3495,강원특별자치도,철원군,근동면,69,143
3496,강원특별자치도,철원군,원동면,73,143
3497,강원특별자치도,철원군,원남면,71,143
3498,강원특별자치도,철원군,임남면,75,143
3499,강원특별자치도,화천군,화천읍,72,139
3500,강원특별자치도,화천군,간동면,74,137
3501,강원특별자치도,화천군,하남면,71,138
3502,강원특별자치도,화천군,상서면,71,140
3503,강원특별자치도,화천군,사내면,69,138
3504,강원특별자치도,양구군,양구읍,77,139
3505,강원특별자치도,양구군,국토정중앙면,78,139
3506,강원특별자치도,양구군,동면,78,141
3507,강원특별자치도,양구군,방산면,76,141
3508,강원특별자치도,양구군,해안면,79,143
3509,강원특별자치도,인제군,인제읍,80,138
3510,강원특별자치도,인제군,남면,79,136
3511,강원특별자치도,인제군,북면,81,139
3512,강원특별자치도,인제군,기린면,83,136
3513,강원특별자치도,인제군,서화면,81,141
3514,강원특별자치도,인제군,상남면,82,134
3515,강원특별자치도,고성군,간성읍,85,145
3516,강원특별자치도,고성군,거진읍,85,146
3517,강원특별자치도,고성군,현내면,84,147
3518,강원특별자치도,고성군,죽왕면,86,144
3519,강원특별자치도,고성군,토성면,87,142
3520,강원특별자치도,고성군,수동면,82,146
3521,강원특별자치도,양양군,양양읍,88,138
3522,강원특별자치도,양양군,서면,87,138
3523,강원특별자치도,양양군,손양면,88,138
3524,강원특별자치도,양양군,현북면,89,137
3525,강원특별자치도,양양군,현남면,90,136
3526,강원특별자치도,양양군,강현면,87,140
